window,mean_hr,sd_hr,max_hr,min_hr,label,subject
0,95.31450725192285,6.769128562806037,105.52763819095462,71.06598984771543,0,S10
1,92.53296817872649,7.869631914763596,107.14285714285671,77.7777777777777,0,S10
2,94.81399393526169,5.287881933686681,105.79345088161514,85.53971486761618,1,S10
3,101.20880548884818,3.328161384347764,109.37500000000152,94.38202247191217,1,S10
4,100.80041665060648,8.244320301042055,112.60053619302722,70.23411371237503,1,S10
5,96.16244037226309,3.8178658274991952,104.21836228287617,83.83233532934148,1,S10
6,102.08887248861932,4.173460451436957,112.60053619301522,95.67198177675452,1,S10
7,106.2163310088094,2.7904170025669224,113.20754716981715,98.36065573770271,1,S10
8,98.43803788708834,10.470618568712545,115.70247933884494,39.03345724907108,1,S10
9,103.33809266405798,6.401974427163199,115.38461538461942,79.54545454545153,1,S10
10,98.34394570861195,7.906866556985575,107.14285714286758,52.69761606022341,1,S10
11,104.245637437382,6.134404426738841,116.34349030469404,89.74358974358634,1,S10
12,100.58691894044965,6.8187242718319,113.82113821138394,86.95652173912356,1,S10
13,95.27684954316132,7.442579817816602,106.87022900763495,75.13416815742201,1,S10
14,99.94051416339138,4.264164007268743,106.87022900763495,89.55223880597562,1,S10
15,95.80850954396155,5.384677458066133,111.70212765957811,79.2452830188669,1,S10
16,91.15373726864023,5.567523920927737,103.70370370370487,80.45977011493335,1,S10
17,96.65148768577062,5.07221339189146,103.70370370370487,83.00395256915594,1,S10
18,102.80446887513087,7.615551168638704,114.4414168937307,35.38331929233801,1,S10
19,97.17987178009002,6.332496294804043,105.79345088159924,62.13017751479298,1,S10
20,99.9089168501468,4.045550918910975,108.52713178293604,92.10526315789124,1,S10
21,97.88406134433401,6.871762330650468,107.96915167087896,73.5551663747689,1,S10
22,82.73258901953001,7.063726595977236,97.22222222221853,66.77265500793744,0,S10
23,80.66539521017941,8.146003850515678,99.29078014177949,66.24605678233048,5,S10
24,75.67534555086881,4.5029735547236225,83.49900596423026,65.0154798761652,0,S10
25,80.65155480725873,6.546872156875672,96.10983981691103,70.5882352941252,0,S10
26,74.64731328756308,17.44226572124326,117.64705882353151,44.35058078141487,0,S10
27,70.99862651146832,4.087464433207869,77.92207792207977,62.31454005933869,3,S10
28,77.34974839576998,4.099550494209473,86.06557377049789,68.29268292683331,3,S10
29,80.0158005768259,7.449227288921692,95.45454545455334,55.40897097625217,3,S10
30,77.33173525839098,5.494146759731882,88.98305084744425,64.41717791412633,3,S10
31,77.7134473718489,7.013241978246252,93.75000000008527,65.0154798761652,3,S10
32,79.70287282435267,7.291349864941836,92.51101321583661,66.45569620251797,3,S10
33,86.63215895271706,11.772795703974857,111.70212765960176,63.06306306304937,0,S10
34,84.45349805003617,8.381529214834757,98.59154929578013,68.73977086743157,7,S10
35,76.56076563982656,4.352420081429151,83.8323353293681,64.41717791411061,0,S10
36,86.13137481826945,8.22618829416218,106.06060606058072,71.79487179486175,0,S10
37,75.85333199130233,6.8242556491288715,93.95973154359969,60.43165467625266,0,S10
38,75.3758709266062,6.813415857252667,88.98305084750426,63.6363636363689,4,S10
39,76.3286135375511,7.0773312094403025,89.93576017133984,62.314540059353405,4,S10
40,75.3539839507092,9.135653678540676,89.17197452236118,40.152963671120986,4,S10
41,77.14611609243053,9.69419324727357,93.75000000001866,59.57446808511253,4,S10
42,78.10309286355965,9.292562165669283,92.92035398222647,60.60606060604613,4,S10
43,78.54500476207102,8.080697204621503,92.71523178804745,62.686567164197825,4,S10
44,83.26491651109896,10.053364117281628,104.47761194034625,62.78026905829545,4,S10
45,82.8504084961225,2.9629114748918273,88.60759493671294,76.36363636359847,0,S10
46,89.62368668911925,10.724935780487407,118.98016997166465,71.06598984770108,0,S10
47,97.65034313872565,11.15037261670055,120,41.136141038201366,0,S10
48,89.27276219042726,22.693549169600427,119.6581196580812,41.543026706229064,0,S10
49,84.65221611500913,28.756936067668548,120,40.69767441858428,0,S10
50,107.37839203263573,17.043186173933787,120,40.97560975610847,0,S10
51,106.21206252451373,14.581122622456022,120,60.17191977076564,0,S10
52,90.14302894607874,23.513285217049233,119.6581196580812,40.816326530605174,0,S10
53,74.44881823486251,25.3103504746311,120,40.54054054054004,0,S10
54,92.70583908004312,22.679441624520265,118.98016997177194,41.74950298210192,2,S10
55,105.23393836101691,15.36823003465242,120,41.216879293424704,2,S10
56,101.27239909136884,15.428939665971619,118.98016997166465,40.50144648023897,2,S10
57,106.00130551582981,10.858790236296992,119.6581196580812,59.82905982906774,2,S10
58,98.51849318878146,10.7142190699181,117.31843575420723,40.268456375832535,2,S10
59,97.52536301960521,13.109455118970606,118.98016997166465,59.23836389280176,2,S10
60,100.22924749071795,22.143208115048935,119.65811965818973,40.77669902912729,2,S10
61,103.59770811229426,15.099434589957562,119.31818181821326,58.98876404493719,2,S10
62,100.9381680595439,16.646258105275226,118.98016997166465,43.076923076931116,2,S10
63,100.10045111159074,10.2475139889829,116.02209944769221,49.4117647058427,2,S10
64,101.22795856373472,10.710167488009857,120,60,2,S10
65,92.5457450982223,16.497513659174388,119.65811965818973,41.7080436941441,2,S10
66,81.81154378697735,10.864622667346392,108.52713178293604,60.957910014510894,0,S10
67,84.05014739189363,6.197175432303087,101.44927536234425,75.13416815742201,0,S10
68,82.56182755550279,8.127267640329503,99.76247030885239,61.674008810536115,0,S10
69,86.9665211945805,10.308990233899529,112.90322580647148,66.77265500792055,0,S10
70,88.20501187287019,6.794275503834767,102.94117647054418,61.85567010307654,0,S10
71,97.35396725741836,9.172829034005675,118.98016997177194,82.35294117653814,0,S10
72,93.92875154315465,5.760987788292799,106.59898477143679,77.92207792203375,0,S10
73,90.87751138094924,11.01930906545294,113.82113821150668,60.08583690988094,0,S10
74,90.08146702116113,4.628012157006928,100.23866348445293,72.9166666666639,0,S10
75,91.30726534838719,4.851325895386769,102.68948655265493,80.30592734219309,0,S10
76,93.51136866392591,3.6034727016267474,101.20481927718384,83.33333333330386,0,S10
77,95.96899859532634,4.326666078694642,103.70370370374562,83.8323353293681,0,S10
78,95.6635610250081,5.4626883616481114,109.66057441256076,81.71206225690534,0,S10
79,97.4367757912744,10.816996861273907,117.64705882368887,64.12213740457837,0,S10
80,94.9064558157335,11.417260114118255,113.8211382113103,45.405405405378616,0,S10
81,102.09965744286684,10.62889285157942,120,54.33376455369,0,S10
82,77.37377525228025,6.741499118973595,101.44927536226625,65.52262090486558,4,S10
83,77.02780581314117,6.027270322110704,90.71274298055941,65.31881804044174,4,S10
84,76.77813860139965,4.038711851468535,85.71428571430799,68.18181818180973,4,S10
85,78.87842377551192,6.2718002555822245,91.7030567685422,64.71494607088044,4,S10
86,80.23884477075423,5.70743189829369,91.90371991247851,67.6328502415455,4,S10
87,75.0552903554157,8.435315269065242,89.7435897436016,31.226765799267486,4,S10
88,81.81557073784721,7.272132233927977,103.19410319408752,68.62745098036278,4,S10
89,87.51678673682632,13.31577176502087,116.99164345412318,69.07894736844254,0,S10
90,81.10511977092017,10.1923971585034,103.44827586208194,60.51873198847611,0,S10
91,91.10929551702628,17.42266089952947,118.98016997155734,60.34482758624601,0,S10
0,79.69579902483751,18.128150570177628,96.10983981693346,37.76978417266174,0,S11
1,71.54492261372975,12.693473944180885,98.82352941176404,32.4574961360128,0,S11
2,69.30569403355801,14.830379859903019,87.68267223382321,31.57894736842096,1,S11
3,72.92079080271932,9.234951958668766,90.51724137931339,34.79701739850757,1,S11
4,68.23999866615765,17.506607951437058,92.51101321585283,35.11705685618635,1,S11
5,71.0232256553418,16.203511790230905,90.32258064514627,36.23813632441768,1,S11
6,67.63044343784397,14.419721910733987,81.39534883720621,33.98058252427275,1,S11
7,67.01217528894277,15.358154290724476,87.68267223382321,35.41315345699895,1,S11
8,65.28932658635959,16.64532841924035,84.3373493975939,35.836177474402994,1,S11
9,65.35945168280878,15.702397909639012,81.71206225681678,35.897435897435756,1,S11
10,65.84003874934595,13.335557022200996,78.35820895522866,34.7682119205323,1,S11
11,65.51061203189082,17.385331087047888,85.36585365860239,30.390738060780617,1,S11
12,68.43135883151429,12.038493190381885,80,35.23489932886086,1,S11
13,64.31398639930124,16.459836583704103,88.79492600422373,32.208588957059234,1,S11
14,73.42718636114323,22.68730397699578,93.54120267260086,30.10752688171886,1,S11
15,65.45108673879773,18.29112310432537,91.70305676857407,31.507876969244094,1,S11
16,78.17117554162921,15.248265739264317,94.3820224718995,37.36654804270762,1,S11
17,73.58671515888557,21.720100496553105,92.7152317881126,30.194104960461402,1,S11
18,82.516166818285,22.251632322558944,101.94174757285762,31.13417346182775,1,S11
19,86.19434556394367,25.729405309773917,106.06060606062336,30.905077262689723,1,S11
20,96.44941381817391,25.042288952449358,114.75409836068881,36.842105263153925,1,S11
21,101.25687439403215,22.817225699740543,115.38461538461942,35.02919099249106,1,S11
22,109.51570458618939,4.749349290771045,118.30985915484774,100.71942446041342,5,S11
23,100.59780462436062,26.398714723619054,118.64406779661901,37.80378037804201,0,S11
24,88.7904164860383,33.60887421739926,120,37.60071620411028,0,S11
25,73.03858468375786,32.87157831464844,116.99164345401944,30.7467057101064,0,S11
26,55.87700722483912,13.206226438980973,70.35175879395076,31.366691560870876,0,S11
27,63.79931246969582,26.736960112652866,119.6581196580812,31.134173461824076,0,S11
28,67.97732997802724,25.09279265817273,120,30.88235294117048,0,S11
29,86.51996536869602,29.068630553902615,120,36.4900086880995,0,S11
30,98.77738916228377,27.97692548718945,119.6581196580812,38.85291396854784,0,S11
31,74.53312437347876,28.955032625420536,119.6581196580812,30.281182408079193,0,S11
32,57.65390774621432,10.81127929625135,68.18181818180973,40.69767441859683,2,S11
33,61.521785554092524,12.680049316473916,117.97752808987438,40.191387559818054,2,S11
34,76.18867668044601,33.00620955303454,120,40.50144648023897,2,S11
35,93.75833559306056,30.350266714398956,120,31.67420814479803,2,S11
36,81.37575512543148,29.037159759838026,120,39.47368421052679,2,S11
37,95.4974479648267,20.65518532578316,120,38.35616438355113,2,S11
38,91.53284129599837,19.547085670026508,109.09090909096321,32.889584964757695,2,S11
39,92.33317694229635,17.175159248950216,105.79345088164166,45.70184983676979,2,S11
40,94.81200298053764,14.84901512231309,107.4168797954379,33.35980937251749,2,S11
41,96.11256346508297,23.623261930240155,115.38461538461942,32.50773993807459,2,S11
42,92.02957557511213,20.947629115906736,112.00000000001359,32.43243243243403,2,S11
43,83.77806477212285,17.5220053260302,104.21836228289676,30.70175438596732,2,S11
44,80.91740978400128,20.20721502452885,106.32911392405553,30.7242136064424,0,S11
45,86.06404892375164,15.940505522760514,103.19410319408752,30.129124820660838,0,S11
46,85.38642754982219,18.249019008181335,101.94174757281823,30.814380044021323,0,S11
47,77.35102731805105,19.50224602519237,98.36065573768438,31.890660592258254,0,S11
48,73.93947160366886,18.278814140946526,100.71942446052876,31.06508875739649,0,S11
49,79.68123069677918,14.849730271891579,96.55172413792296,35.47297297296845,0,S11
50,76.38478939957093,18.082234097404946,95.45454545455334,36.87445127304105,0,S11
51,82.34515844904152,20.4093415589585,103.70370370374562,37.399821905611425,0,S11
52,87.17669820684858,15.707092722117663,106.06060606058072,39.21568627451633,0,S11
53,79.34958814769134,20.22149784271578,107.96915167114402,31.273268801192803,0,S11
54,79.95023318329729,20.20174181693871,102.94117647054418,34.39803439803814,0,S11
55,69.07145823691924,18.279642272427015,100.47846889943801,32.382420971476535,0,S11
56,64.19222863229079,15.805840667238048,86.4197530864094,32.15926493108182,0,S11
57,78.62009016571864,15.840773602001143,101.44927536226625,37.466547725233035,0,S11
58,72.73314444999097,18.577273457124864,104.47761194042899,30.612244897958615,0,S11
59,83.25401003546474,22.598448684593873,101.6949152542122,31.890660592250544,0,S11
60,80.38659294440659,16.20675926380133,100.71942446045186,33.68083400160562,4,S11
61,86.41573737146189,18.91658543810845,102.94117647054418,30.501089324619784,4,S11
62,91.17824354081986,16.5556468000327,108.24742268046008,33.68083400160562,4,S11
63,85.77354467979582,21.080731447469965,111.4058355436193,31.390134529147726,4,S11
64,85.82521398111628,19.376310703979648,107.41687979552535,34.624896949713744,4,S11
65,83.22282908473451,23.56957261981843,107.41687979552535,30.237580993519806,4,S11
66,83.43527961329713,17.388341887023365,105.00000000002387,33.20158102766655,4,S11
67,79.19331920241444,28.254338610843355,112.60053619301522,32.88958496477409,0,S11
0,88.41655074716662,14.247523393101163,102.94117647058873,41.257367387033405,0,S13
1,87.63743627242293,9.199465750060856,104.47761194029714,44.444444444444635,0,S13
2,85.59821341013269,8.986980083806824,100.23866348448625,46.306504961410845,1,S13
3,85.3298317595308,10.779868862324484,99.29078014184022,38.11252268602557,1,S13
4,88.74254967090569,6.0640389875685,99.76247030879581,77.20588235294201,1,S13
5,84.36577904359383,7.306697512538145,98.13084112149465,43.841336116911606,1,S13
6,87.62525220670013,9.622236223650527,95.89041095890047,45.1612903225828,1,S13
7,89.64232150667203,6.014045085718554,99.29078014184488,45.45454545454765,1,S13
8,88.5360205325638,11.377382779196713,103.70370370370487,44.39746300211559,1,S13
9,83.47110354656999,7.762332718752491,92.71523178808003,40.54054054054004,1,S13
10,84.65487531135858,11.271620496165955,99.76247030877695,41.05571847507415,1,S13
11,83.10140838147464,7.147364859106496,95.67198177676319,38.32116788321115,1,S13
12,87.70974152188481,8.603122548224325,105.2631578947486,43.47826086956536,1,S13
13,85.13624223780188,10.269590631639426,98.82352941177793,30.791788856305015,1,S13
14,85.90894969195352,7.288429030387428,99.05660377356875,44.4444444444437,1,S13
15,86.69466572626331,4.7357998323936314,97.44779582368768,70.3517587939789,1,S13
16,89.19460825693727,7.793219085921724,98.59154929574329,53.57142857143923,1,S13
17,84.52734022199316,7.460334687600647,94.59459459464188,44.63336875664364,1,S13
18,89.78721791738532,9.07595430116721,104.9999999999821,47.03247480403341,1,S13
19,88.33989290032846,7.762228768707969,95.89041095896145,41.501976284584494,1,S13
20,84.88046118075955,7.7703775809474624,93.1263858093269,43.79562043795969,1,S13
21,86.81262573440837,11.962602916469574,98.82352941175942,44.91978609626805,1,S13
22,85.89713910916228,6.5179206107033165,95.02262443441691,70.23411371237971,5,S13
23,81.95812142186347,7.4310508620347555,98.59154929578013,42.12637913741597,0,S13
24,85.22091602720832,2.7559906955185984,91.10629067246215,76.642335766439,0,S13
25,84.6192505083257,4.605949760166473,94.80812641083872,72.9166666666639,0,S13
26,85.79567009988115,11.241087380358932,102.68948655261497,44.30379746835647,0,S13
27,83.43178734680274,15.715741199789747,113.8211382113594,36.84210526315907,0,S13
28,86.72847086127157,12.35993437618592,104.4776119403049,40.61895551256214,3,S13
29,88.0283388132352,8.581745691132863,102.18978102192857,42.72634791455059,3,S13
30,86.5628762402935,9.899880540188994,99.29078014181685,44.39746300210439,3,S13
31,83.35156043503355,10.129626888674448,99.05660377364312,45.112781954881974,3,S13
32,87.17498895787934,7.946644491159223,100.71942446041342,64.22018348621656,3,S13
33,86.3276125357599,9.367064779197708,96.55172413788763,43.25437693098463,3,S13
34,85.12338720491375,11.36832800807765,100.47846889951454,40.737148399621226,3,S13
35,82.83310676252073,9.784106902130874,94.17040358744318,39.36269915651332,0,S13
36,80.68956517832785,9.533645771692019,95.02262443441691,38.18181818182134,0,S13
37,83.29275421978022,6.188343235051456,93.33333333330503,42.59634888437686,0,S13
38,82.41043425000508,12.000482368003041,96.33027522932484,43.659043659031774,0,S13
39,78.61466965148584,11.616121050948115,95.67198177679788,39.36269915651332,0,S13
40,77.74668911560337,6.854114262960537,90.32258064517718,58.33333333335691,4,S13
41,78.93047052408343,8.356805010455487,88.7949260042536,41.13614103818854,4,S13
42,74.59749672807828,9.362469876507484,89.36170212762845,40.15296367113321,4,S13
43,76.63734828297444,12.996468144941664,97.44779582368768,33.870967741924055,4,S13
44,78.38756307931558,10.885492651061988,93.12638580926118,42.29607250754194,4,S13
45,80.43351418206304,11.583503863779292,97.44779582361572,31.81818181818445,4,S13
46,82.23041864531496,10.577638377895106,96.9976905311489,39.810426540287104,0,S13
47,84.55041870452347,5.80553423678798,97.22222222221853,69.76744186045478,0,S13
48,87.73959725930713,15.598179509555552,109.94764397902671,35.413153456996575,0,S13
49,94.06383067551786,9.375554582220609,105.52763819095429,46.66666666666902,0,S13
50,94.40820241273856,12.262548898983523,112.60053619301522,46.61487236403647,0,S13
51,89.47023718777952,8.662047890039606,102.689486552575,42.7263479145575,0,S13
52,91.5057654818828,8.853545558370817,106.87022900752675,53.29949238580452,0,S13
53,103.327071052683,14.380229467096761,119.65811965818973,50.35971223020671,0,S13
54,108.09647491601666,14.609263359701217,120,40.93567251461357,0,S13
55,92.52107020203503,28.152673630147888,120,40.69767441859683,2,S13
56,91.85428041750058,27.46200406840379,119.65811965818973,40.97560975609574,2,S13
57,99.11232079984951,22.190448622999828,120,38.391224862893075,2,S13
58,106.38340546594367,11.132990001903316,120,53.63984674330798,2,S13
59,98.97802529694569,9.192806461983286,116.3434903047197,50.00000000000758,2,S13
60,94.24171193185062,25.358187279964127,119.31818181821326,40.30710172744518,2,S13
61,98.87020705752839,23.37707473214368,119.65811965797269,40.26845637584483,2,S13
62,99.39542221985964,9.994482006562746,117.97752808987438,59.57446808511253,2,S13
63,99.58997842195956,13.322805805856893,116.3434903047197,37.4331550802085,2,S13
64,94.51135325111659,10.246581361242272,107.14285714286758,41.17647058823052,2,S13
65,98.50051288312635,13.06033615537168,118.98016997166465,40.15296367113321,2,S13
66,81.58585823719532,14.521849794674425,110.52631578950808,37.46654772524368,0,S13
67,81.44746423148877,7.190216672940628,93.33333333337106,38.88888888889315,0,S13
68,83.04035145781384,5.036871540453336,95.89041095882207,71.91780821914269,0,S13
69,82.84429873682387,6.165926630800019,95.67198177679788,67.52411575561437,0,S13
70,89.32156522871867,9.709501886574207,102.68948655265493,48.4988452656101,0,S13
71,84.58638047163976,9.580881202785875,98.59154929570644,47.72727272727667,6,S13
72,81.21526928676523,15.522384621102585,105.00000000002387,31.180400890874324,0,S13
73,77.79675191307948,8.339624074789887,90.12875536486246,36.681222707427075,0,S13
74,76.57733057262321,6.796157847186569,94.38202247179824,62.40713224367217,0,S13
75,77.4085096814862,9.39294700899503,90.71274298055941,35.383319292328515,0,S13
76,77.41975320069105,8.409779157407394,93.95973154373351,35.653650254675206,0,S13
77,78.07444257133069,7.220412322116226,94.17040358744318,40.93567251462627,0,S13
78,76.43660207332057,3.704611765986886,85.71428571430799,66.03773584907889,0,S13
79,77.76663421727974,6.3802584445372394,92.51101321580417,64.91499227198567,0,S13
80,77.33645702551249,6.560875978801501,88.60759493671294,40.97560975608302,0,S13
81,82.1769245773984,8.34455750064991,98.5915492958538,44.91978609626805,0,S13
82,81.79386316552034,12.26363091204992,97.22222222229017,45.751633986940256,0,S13
83,73.66696521222781,8.904366762204596,87.68267223383778,38.88888888888168,4,S13
84,73.34349948392854,9.116195314769941,87.68267223383778,52.56570713393678,4,S13
85,72.84507693206494,12.267706906514407,91.10629067249361,36.84210526315907,4,S13
86,71.43365446148253,11.595496930274768,91.10629067249361,33.707865168544146,4,S13
87,76.09571220175029,12.677641076316146,94.17040358744318,32.63403263403291,4,S13
88,79.73476262397054,10.13045540070268,92.1052631577948,43.6137071651209,4,S13
89,81.78082299894811,9.869966382675063,95.45454545455334,37.73584905660032,4,S13
90,80.64500488482315,5.625591365040519,90.12875536486246,42.90091930540189,0,S13
91,79.96847501338955,8.597258820283447,94.8081264107706,45.45454545452416,0,S13
92,100.72495466605424,15.288698198955338,115.70247933878152,67.85137318257684,0,S13
0,66.56407251259732,16.90635966370608,92.30769230769226,33.870967741935466,0,S14
1,63.106213918904864,14.487492019760637,87.50000000000031,33.07086614173224,1,S14
2,66.01621134082876,12.948189647506291,83.49900596421375,33.14917127071819,1,S14
3,67.76610770226739,15.755294326726744,94.8081264108302,31.460674157303586,1,S14
4,68.34772120073326,15.281641216458288,93.12638580931048,31.273268801190948,1,S14
5,69.48482950067988,13.19816510510795,87.86610878661243,34.56790123456602,1,S14
6,68.03906865131748,8.744985034989666,75.9493670886111,35.47297297297322,1,S14
7,71.70151590195024,16.70455459919732,90.32258064517718,30.107526881720577,1,S14
8,72.97498210588695,7.6134810267433,85.02024291499251,38.07796917497429,1,S14
9,76.93266821911544,20.332952368429424,119.6581196580812,32.76131045242058,1,S14
10,70.1384905121438,27.949006826717543,104.9999999999821,30.36876355748389,1,S14
11,74.07147770637836,33.640464912192776,112.29946524064144,32.786885245902944,1,S14
12,72.38171516642444,31.8442871645208,120,30.434782608692743,1,S14
13,67.52787353486563,28.790573720630046,117.97752808982163,31.914893617015565,1,S14
14,64.44388655073668,24.553668821723726,117.97752808987438,30.129124820660838,1,S14
15,56.43616467949242,22.36386541024364,118.98016997166465,30.172413793098855,1,S14
16,66.19558861426144,17.93978060840698,97.90209790206241,30.814380044024922,1,S14
17,64.02288124191858,14.748856185733906,76.50273224045921,35.71428571428436,1,S14
18,69.94423808503619,19.064656884515145,120,34.313725490190315,1,S14
19,55.33382982167012,12.705797490533087,68.40390879480489,32.18390804597824,1,S14
20,64.16566632331391,11.855632719867241,72.28915662649256,34.825870646782086,1,S14
21,54.28695401589912,12.771139085146753,69.76744186045478,33.573141486808744,5,S14
22,63.22625434627248,11.735658747191527,72.66435986160062,45.258620689658635,0,S14
23,68.294308014472,0.47113530062244185,68.62745098039848,67.9611650485455,0,S14
24,69.71343247398134,0.73635446901619,70.23411371237971,69.19275123558297,0,S14
25,56.87201749000736,13.104756796568177,70.82630691399315,34.20195439739358,0,S14
26,61.07050846471114,21.045253283350284,118.30985915495383,35.443037974685176,0,S14
27,57.36570083462617,15.00949641558012,73.5551663748099,30.08595988538968,0,S14
28,70.11117497807119,35.0369720175027,118.30985915495383,30.172413793102304,0,S14
29,93.27258664324266,31.158925391038398,119.65811965818973,31.319910514540666,0,S14
30,70.37843793509762,27.585661266128835,116.99164345401944,30.85966201322425,0,S14
31,78.42327023467575,26.393712992034203,108.52713178293604,30.905077262689723,0,S14
32,83.85281219983648,25.903456065637435,110.81794195248106,31.29657228018291,2,S14
33,74.52387512983927,21.605744145247268,105.52763819095429,34.59637561779149,2,S14
34,75.60890864914249,13.201923614198053,91.90371991247851,38.35616438356228,2,S14
35,68.08858147405415,19.6564042435662,95.67198177679788,30.390738060784116,2,S14
36,79.14813125131921,14.74356091225607,97.67441860462637,38.426349496806374,2,S14
37,74.11007340771505,15.665146305250158,94.38202247193325,35.35353535353638,2,S14
38,70.41823492304135,19.74743391101433,102.689486552575,32.91536050156684,2,S14
39,71.20854308358274,17.813508199936816,87.49999999999669,37.23404255319533,2,S14
40,75.31581729966102,12.089891576600643,90.32258064523903,37.60071620412099,2,S14
41,72.45821866616538,8.81145275045962,80.76923076921946,33.492822966504846,2,S14
42,76.10272531858341,8.84122643254153,89.74358974354057,40.42348411934425,2,S14
43,71.72155776831616,4.1858332650154075,80,62.78026905829545,0,S14
44,71.60096495579447,10.840359409968201,82.35294117648674,35.50295857988051,0,S14
45,78.8193276300681,9.77902414587066,88.79492600419384,37.7019748653536,0,S14
46,71.67963592735954,17.308728224907107,98.59154929578013,33.43949044586849,0,S14
47,77.73686579340232,22.41994995645614,101.20481927702859,32.061068702289184,0,S14
48,78.06352796928621,17.96928388720413,93.1263858093269,30.724213606435246,0,S14
49,73.9321510863966,17.947594705041112,92.30769230774398,30.67932797661802,6,S14
50,75.7953845892343,19.401459604680927,94.80812641090684,30.973451327430638,0,S14
51,71.76404342593888,20.30433977299442,95.89041095882207,30.81438004401413,0,S14
52,76.23447611827565,15.106350873491891,89.74358974347952,38.602941176476655,0,S14
53,78.45816226443148,17.34397519906601,99.76247030885239,32.18390804597432,0,S14
54,81.67503811246716,17.03946390534408,105.52763819103869,36.93931398416036,0,S14
55,78.83499132830322,21.477981928658714,102.68948655249508,30.194104960468312,0,S14
56,90.11016223232451,15.1667259757087,100.96153846158614,32.4825986078879,0,S14
57,82.06819697007333,7.712368079538701,93.1263858093269,46.10318331502627,0,S14
58,72.5597139718648,10.894128619278765,85.88957055218941,35.6839422259887,0,S14
59,74.44624151645047,12.797215773102018,93.33333333323901,34.25774877652361,0,S14
60,74.57685367889891,9.859069511332196,85.36585365851954,39.32584269662479,0,S14
61,72.07902725286908,11.433455818678125,82.67716535433189,35.80562659846958,4,S14
62,74.62407428853545,6.947136440533596,85.0202429150336,40.03813155386512,4,S14
63,75.48828789235938,15.52237750889941,99.29078014185421,32.71028037382445,4,S14
64,79.78297381378309,25.740250588034264,96.55172413792296,34.59637561779149,4,S14
0,83.52124837151574,8.57305244889124,94.17040358744318,40.97560975609758,0,S15
1,79.6063082067429,13.2408767778158,100.96153846153786,30.612244897959282,0,S15
2,78.12696381073904,11.25506560937205,97.67441860465348,42.04204204204213,1,S15
3,77.69287275589092,13.654257341661603,102.94117647058935,39.25233644859786,1,S15
4,81.35350554948609,10.24381606596413,92.920353982296,42.639593908629834,1,S15
5,80.22309287464783,12.78525953653939,107.96915167094522,32.159264931086724,1,S15
6,83.40778591855911,10.002114636145546,94.38202247190794,34.09090909090816,1,S15
7,78.63989494802684,12.534268222358707,98.82352941175942,37.803780378039306,1,S15
8,81.00983897488169,8.486253692638538,91.70305676855813,44.4444444444437,1,S15
9,80.48761888610665,12.603264674561684,94.17040358744318,41.501976284584494,1,S15
10,79.02322826848447,10.955976735265448,90.51724137931727,40.501446480229646,1,S15
11,82.96515688471685,7.351970224909584,95.0226244343998,44.63336875664364,1,S15
12,76.87496961763631,9.722283844159389,94.17040358744318,36.30077787381249,1,S15
13,79.45429975333442,8.964649563846422,95.45454545455334,39.62264150943345,1,S15
14,81.84005281445623,10.548827354390449,95.67198177676319,30.28118240807572,1,S15
15,82.83566582097781,7.215042894702619,93.54120267260086,44.63336875663986,1,S15
16,84.05122057937166,10.557703952159455,98.36065573768438,40.501446480229646,1,S15
17,81.25992025182788,10.75435731942149,102.94117647058434,30.412744388119158,1,S15
18,82.93942638683134,9.199610750389448,93.5412026725677,42.467138523769734,1,S15
19,81.4195536070688,13.308866085401123,100.47846889951454,30.859662013227858,1,S15
20,78.5485681898554,6.282602086093533,87.49999999999669,39.810426540287104,1,S15
21,83.2693334567176,13.032837589267253,103.44827586208194,32.061068702289184,1,S15
22,79.43984024614612,9.747511228964445,93.75000000001866,41.874376869393835,0,S15
23,71.8788796822536,5.4842698490395625,83.00395256918205,40.69767441860311,5,S15
24,74.10374603237507,6.169034095079264,87.13692946056563,35.92814371257329,0,S15
25,76.28291494007512,11.870341618195567,99.05660377356875,38.35616438356228,0,S15
26,74.19828973411869,8.117855548497394,87.68267223380865,35.53299492386011,0,S15
27,80.67143264847326,8.451903079593798,96.10983981691103,62.78026905829545,3,S15
28,74.72715838741108,2.3358797100238227,78.79924953094111,69.88352745424568,3,S15
29,75.87773899619383,13.900966103134133,99.5260663507478,32.967032967038236,3,S15
30,76.53595925892648,3.0779619216367964,86.77685950410516,70.46979865769349,3,S15
31,79.975585556784,6.356600412049396,93.9597315436666,64.02439024392072,3,S15
32,82.23271241072266,17.461008007631165,112.29946524068923,38.28623518687161,3,S15
33,84.40438027343511,14.786289370281153,115.38461538461942,38.147138964576904,3,S15
34,78.73341026841226,6.946651985247888,96.55172413792296,39.77272727272577,7,S15
35,77.22290121681657,9.48961427445567,95.671981776728515,38.391224862881906,0,S15
36,81.61680469453674,9.454381892981772,105.79345088164166,43.209876543218854,0,S15
37,75.164219073958,8.257160643651684,94.80812641090684,61.76470588235542,0,S15
38,68.1568254873922,8.863459701954035,84.33734939762086,33.626901521221235,4,S15
39,69.17762266825851,7.775500480520174,81.71206225680413,35.897435897440644,4,S15
40,70.69492736473018,7.650030006417412,80.45977011494561,37.03703703702914,4,S15
41,72.35039309560626,5.658370939297692,84.67741935485361,58.659217877103615,4,S15
42,73.85230999098364,6.159960295008139,83.00395256920815,38.147138964576904,4,S15
43,77.34258436270473,14.070985662068333,102.43902439030299,33.044846577495576,4,S15
44,78.35498813848541,9.365014546884156,99.05660377364312,37.63440860214643,4,S15
45,82.76648334842768,16.35279244335555,111.40583554380743,40.73714839960865,0,S15
46,84.52353855540392,11.713708428155531,101.20481927710621,31.157270029676702,0,S15
47,82.93938353952811,9.551005670103121,98.13084112152202,38.391224862881906,0,S15
48,85.85632781776621,10.120835269760164,100.47846889951454,44.1176470588194,0,S15
49,88.56325463566354,16.253980063239737,115.70247933888298,31.55522163786963,0,S15
50,87.0383658344731,20.58747646011567,109.37499999999585,30.545454545453534,0,S15
51,87.0698150165412,15.251635498091224,107.4168797954379,34.22982885085833,0,S15
52,86.4107943945466,9.540773657714936,100.71942446037498,46.61487236403647,2,S15
53,81.54450348234988,13.040479373213,102.689486552575,41.87437686938719,2,S15
54,82.90535620990964,13.83444772789222,106.06060606058072,30.905077262689723,2,S15
55,83.84377370900815,10.573474161631253,98.36065573768438,36.777583187394704,2,S15
56,77.2545162727593,9.435407650491221,99.05660377364312,39.96194100857109,2,S15
57,88.5498765668352,11.003723596684427,104.73815461346064,44.96788008565459,2,S15
58,83.2579756267738,7.844938429010202,100.00000000001516,48.10996563573372,2,S15
59,81.45192285057936,7.18142092159836,94.38202247200077,38.56749311293844,2,S15
60,80.16874765616046,10.399170651073682,99.05660377364312,37.5335120643384,2,S15
61,81.35565372980157,8.169507875688156,97.90209790217138,39.66005665723347,2,S15
62,79.86676728981382,15.692341575335002,105.00000000002387,33.98058252427275,2,S15
63,71.09917047894754,7.91338243641766,83.16831683168766,35.08771929824487,2,S15
64,73.12174468748914,11.133337909409608,93.33333333337106,37.13527851458157,0,S15
65,74.23183135585957,9.817702741962899,96.10983981694604,37.7019748653536,0,S15
66,76.2761172074465,16.688323658710203,107.4168797954379,32.159264931089666,0,S15
67,70.41824542522627,10.230685076165004,87.86610878653197,36.23813632441146,0,S15
68,73.62914214308185,3.969549675427242,82.0312500000309,65.01547987613317,0,S15
69,73.13209431728386,10.171536834538005,90.90909090911096,40.93567251462627,0,S15
70,70.64317685232776,9.145599737559863,86.24229979474366,33.492822966504846,0,S15
71,78.02922612169225,8.74987335712386,94.8081264107706,38.74538745387402,0,S15
72,73.52274442725219,4.452136299028726,86.4197530864094,65.42056074761648,0,S15
73,72.22265422633718,7.789192814521675,82.35294117643534,34.03565640193446,0,S15
74,76.5500806215518,8.078898984831502,94.59459459464188,45.50379198268082,0,S15
75,75.52226369795105,3.2296344472645284,82.19178082196696,67.85137318257684,0,S15
76,81.16691334944038,13.453017994873397,98.8235294117224,40.1913875598303,0,S15
77,65.23171639198992,9.038338534761726,79.84790874523003,32.33256351039089,0,S15
78,70.4570379095081,8.600579578323737,85.19269776872622,40.42348411934425,0,S15
79,65.76355450443376,7.880030556780114,74.73309608536233,37.53351206435976,4,S15
80,64.64295013976987,6.89407737949655,74.20494699644449,33.89830508475482,4,S15
81,66.49720644992532,5.79411584053748,77.49077490774803,37.135278514602476,4,S15
82,64.2417231436805,8.622922436619435,77.92207792203375,33.07086614173276,4,S15
83,75.5895225071458,15.652421569162534,105.00000000002387,36.90685413004057,4,S15
84,67.798515313682,6.4414611096973005,79.39508506609486,35.68394222600801,4,S15
85,79.65372609800737,14.630670873339147,102.68948655265493,36.617262423730644,0,S15
0,81.2379110251446,NA,81.2379110251446,81.2379110251446,0,S16
1,74.54455303240252,7.343816712047111,84.1683366733463,65.6249999999982,0,S16
2,60.81757242769586,21.108601764532352,79.09604519775786,32.38242097147256,1,S16
3,111.11111111116539,NA,111.11111111116539,111.11111111116539,1,S16
4,112.60134552350867,0.4269231903790376,112.90322580647148,112.29946524054586,1,S16
5,112.60053619306326,NA,112.60053619306326,112.60053619306326,1,S16
7,74.20494699644449,NA,74.20494699644449,74.20494699644449,1,S16
8,37.13527851459725,NA,37.13527851459725,37.13527851459725,1,S16
10,59.65909090907966,NA,59.65909090907966,59.65909090907966,1,S16
11,96.33027522939517,NA,96.33027522939517,96.33027522939517,1,S16
12,93.12638580926118,NA,93.12638580926118,93.12638580926118,1,S16
16,89.55223880602121,NA,89.55223880602121,89.55223880602121,1,S16
20,93.88068023417051,7.983781610790201,99.52606635067272,88.2352941176683,1,S16
21,99.09464025777548,6.232578979625311,102.9411764706245,91.90371991247851,0,S16
24,58.21582733812973,3.1336530734505286,60.43165467625266,56.00000000000679,0,S16
26,30.36876355748389,NA,30.36876355748389,30.36876355748389,0,S16
27,79.51284464480722,27.053951185136803,95.45454545455334,48.27586206896148,0,S16
28,41.40361469502743,10.997933241094353,49.18032786884219,33.626901521212666,0,S16
29,94.89853871614515,3.2914758458845386,99.5260663507478,91.70305676866967,0,S16
30,93.74999999995204,NA,93.74999999995204,93.74999999995204,0,S16
31,91.96177924992337,2.821718924613975,94.59459459464188,88.98305084738425,0,S16
32,105.5276381908699,NA,105.5276381908699,105.5276381908699,0,S16
33,78.69872380467046,22.248769656698286,105.52763819103869,53.367217280838624,0,S16
34,53.70843989771895,NA,53.70843989771895,53.70843989771895,2,S16
35,93.54120267266718,NA,93.54120267266718,93.54120267266718,2,S16
40,95.82593290626289,1.1028705599877648,96.9976905312202,94.8081264107706,2,S16
44,92.0660991887611,3.6256232194849085,95.67198177679788,88.42105263156202,0,S16
0,90.41908440995745,15.880716940804918,110.81794195250724,33.89830508474577,0,S17
1,76.62104839086795,14.745017405007191,103.7037037037036,34.20195439739441,0,S17
2,58.71153004983508,13.495768423210134,82.19178082191895,30.882352941176805,1,S17
3,59.408584708305845,13.238702039258664,89.55223880597183,30.434782608695816,1,S17
4,54.290103696918095,12.694824871869427,73.2984293193715,30.65693430656937,1,S17
5,54.923408048848586,13.208921946433868,81.55339805824829,30.107526881720577,1,S17
6,58.65722984236353,14.752536992637875,85.36585365853335,30.21582733812979,1,S17
7,55.698344613217095,13.172596540615928,73.94366197183163,31.180400890868796,1,S17
8,58.95841743775625,14.770818927026843,90.51724137930174,31.890660592256324,1,S17
9,61.22583246686674,15.325231417615864,80.15267175573027,30.724213606438823,1,S17
10,55.979173677990815,15.23277473826739,83.99999999999235,30.390738060782365,1,S17
11,59.28790671674822,12.310912024286896,77.77777777777483,30.324909747291123,1,S17
12,54.92697899103417,13.225291528903805,84.67741935484003,31.413612565443678,1,S17
13,56.75981048847759,16.14556545308629,98.82352941179643,30.324909747292867,1,S17
14,54.07304205852659,11.097913216013271,74.73309608540465,30.129124820659115,1,S17
15,57.76646133659676,16.145439408142682,85.36585365853335,30.88235294117771,1,S17
16,57.07229214228902,15.675879813752056,84.16833667335804,30.70175438596732,1,S17
17,60.03271733554802,16.717908012540914,95.67198177676319,31.96347031963446,1,S17
18,75.11299078812436,22.079216989634535,107.14285714286758,31.460674157303586,1,S17
19,67.13262870571847,22.38105713341218,113.51351351350515,30.129124820660838,1,S17
20,86.22095265770234,18.33605168718025,101.20481927714503,40.81632653061149,1,S17
21,70.80575906853805,16.545999680495054,96.10983981694604,30.21582733812979,1,S17
22,60.15325295478176,14.267954682543165,91.10629067246215,30.085959885386252,0,S17
23,55.931267090443036,13.814806229943692,86.06557377046983,30.85966201322425,5,S17
24,58.235256653664955,15.772576795599976,92.71523178808003,30.324909747291123,0,S17
25,60.50701976508462,15.869185577065446,93.12638580935977,30.129124820653956,0,S17
26,79.58119080005125,22.933216183587632,112.29946524064144,32.967032967038236,0,S17
27,63.56030545742054,13.565527670579831,86.4197530864094,31.484257871063587,0,S17
28,80.44439361629684,18.93690320641277,111.1111111111186,32.33256351039089,0,S17
29,66.2279964401522,12.293992660688438,93.95973154363314,32.061068702293085,3,S17
30,72.73163120227333,10.275336393362846,89.74358974357108,37.94037940379737,3,S17
31,69.45518500634739,15.543295900412854,92.92035398225919,34.146341463416654,3,S17
32,66.71039505094456,13.387552118774494,86.06557377049789,32.33256351039089,3,S17
33,76.30682785420356,16.084124267650257,99.29078014185421,33.14917127071923,3,S17
34,74.21415334216337,17.680055445589964,97.90209790209873,31.134173461831423,3,S17
35,56.40921867371979,13.237250162637213,87.49999999999669,30.194104960461402,3,S17
36,53.78250862803573,8.361998451630273,78.06691449815948,30.237580993519806,0,S17
37,60.121913292688035,12.708079918228922,91.30434782608876,30.88235294117771,7,S17
38,66.81692152266277,17.22633756285261,95.45454545455334,31.722054380664087,0,S17
39,64.47396550317158,15.037042456598742,93.74999999995204,33.466135458170484,0,S17
40,58.247986953464896,11.347507197975888,86.77685950416223,31.84230477634339,0,S17
41,62.661206043465185,16.417144648268984,94.17040358744318,30.905077262696963,0,S17
42,62.319336692801286,10.646216827583542,86.06557377049789,30.814380044021323,0,S17
43,60.726019547870465,9.306533312529245,90.32258064517718,47.94520547944588,4,S17
44,60.62163874737683,9.383602607224006,81.71206225680413,32.432432432426054,4,S17
45,60.89300982868037,12.885826248174201,90.12875536480088,33.76205787781583,4,S17
46,61.11333476842688,13.224611750206241,90.71274298055941,32.992930086410006,4,S17
47,78.4589241897493,22.559038283102357,105.2631578947906,30.10752688171886,4,S17
48,72.41555549046325,16.743642740241814,92.71523178804745,34.88372093022739,0,S17
49,78.93004349405179,16.44823277455741,108.80829015546246,36.777583187394704,0,S17
50,94.66315023928487,13.983954410502832,113.20754716986572,44.30379746835647,0,S17
51,80.52768159366214,23.66626290200985,119.31818181810536,30.32490974729461,0,S17
52,95.28288098274412,26.068157362268817,120,33.04484657750385,0,S17
53,94.4247752444713,14.24323446251607,115.70247933888298,51.660516605165355,0,S17
54,87.81927790076004,12.32157001786621,104.73815461354377,47.945205479463304,0,S17
55,83.801666535893,29.29261180900212,120,31.249999999998817,0,S17
56,94.62008871945066,24.017113698012658,120,30.905077262689723,0,S17
57,98.02354614797778,18.208849945819985,118.98016997166465,47.511312217174236,0,S17
58,106.87910227636318,15.879993971051967,119.6581196580812,51.85185185185244,0,S17
59,102.09985581692598,15.350976532916842,119.6581196580812,41.379310344832774,2,S17
60,96.59645243696559,13.183408634484769,114.13043478276892,49.12280701752714,2,S17
61,105.43562506282778,12.414412105009257,117.97752808976888,48.89406286380722,2,S17
62,93.93077800645955,16.889122056734205,118.30985915495383,36.87445127304105,2,S17
63,70.43893495343971,21.89191073632136,119.65811965818973,38.92493049120389,2,S17
64,85.77267836897416,25.30935713438003,120,39.77272727272577,2,S17
65,60.20797668623782,10.17959712122091,70.23411371237971,40.8163265306178,2,S17
66,85.17615926265755,27.932575265117514,120,41.01562500001545,2,S17
67,94.34427322273703,26.24318285204566,119.6581196580812,31.62650602409266,2,S17
68,75.5733811271837,23.360368627952038,120,36.971830985910636,2,S17
69,67.05347046389016,8.086320256354902,89.93576017133984,53.91527599486546,2,S17
70,67.58934322685667,8.156821187129808,87.49999999999669,38.11252268602075,2,S17
71,76.10466283574296,17.896180699378153,113.5135135136028,30.08595988538282,0,S17
72,76.1104401443978,16.0099904229389,99.29078014185421,36.05150214591543,0,S17
73,69.05028662572636,17.14631110020324,101.20481927718384,32.40740740739822,0,S17
74,64.31311963060004,14.925027956193066,95.02262443448534,31.111111111123687,0,S17
75,77.86369825857562,23.069332384749337,112.60053619301522,31.460674157296083,0,S17
76,72.86643706641831,15.097672684399559,94.38202247193325,30.83700440528247,6,S17
77,63.127918574171446,14.114960175792222,91.50326797381705,31.157270029676702,0,S17
78,61.80878304382891,10.359110578165867,85.71428571430799,30.905077262696963,0,S17
79,62.07129474433767,11.463458777398783,86.59793814433964,31.842304776335705,0,S17
80,57.61323705572344,9.718447178351514,86.77685950416223,32.40740740741414,0,S17
81,65.492748298059,12.856060569492406,102.94117647054418,45.80152671757506,0,S17
82,61.84009344268022,12.335225475224547,93.95973154359969,35.80562659846958,0,S17
83,59.11785024239937,7.90929665609286,81.71206225680413,49.122807017563716,0,S17
84,55.15075659157495,9.848902968267737,93.1263858093269,30.67932797661802,0,S17
85,54.128910698802585,4.680632616030333,74.46808510639066,43.523316062177805,0,S17
86,54.53637120703257,8.151859354864296,86.59793814433964,31.01920236335538,0,S17
87,64.82771393945508,12.992565994764467,94.8081264107706,45.356371490279706,0,S17
88,59.342187042538576,8.98397030691521,83.33333333330386,35.53299492386968,4,S17
89,52.68389235495298,10.890765155096027,70.23411371237971,30.021443888480537,4,S17
90,70.06347712857796,19.62760643766423,100.96153846158614,31.53153153153222,4,S17
91,77.61003596209135,1.6695507465099868,79.39508506619042,76.08695652175818,4,S17
0,64.90147497814722,31.288446630303618,92.51101321586093,30.56768558951971,0,S2
1,33.82276231138994,3.9972072443540223,36.64921465968066,30.996309963099215,0,S2
2,85.53971486761964,NA,85.53971486761964,85.53971486761964,0,S2
5,91.96257098346143,2.5395143816499273,95.23809523804437,88.2352941176388,1,S2
7,64.55767022310624,37.54541910177481,91.10629067246215,38.00904977375034,1,S2
20,88.79492600419384,NA,88.79492600419384,88.79492600419384,1,S2
23,75.23552825921905,38.8257601592893,102.689486552575,47.78156996586309,1,S2
24,107.68959340611192,2.630888453250771,109.94764397911833,103.44827586208194,1,S2
26,95.53648651417156,6.620116635577831,101.94174757281823,87.1369294605944,0,S2
29,75.21161985379585,1.2379129874748016,76.08695652175818,74.33628318583352,0,S2
30,75.87198024865077,22.25622850000949,102.689486552575,47.08520179372159,0,S2
32,78.97992149394402,20.153068016308875,95.23809523814748,36.58536585366138,0,S2
33,63.700130694114755,1.7370612877206386,65.4205607476489,61.946902654861276,0,S2
34,62.59314456036582,NA,62.59314456036582,62.59314456036582,0,S2
35,74.62528199860151,11.336034101547188,87.49999999999669,66.14173228346552,0,S2
36,59.36277476039014,17.386602403068036,70.46979865771232,39.32584269662479,0,S2
37,61.49596120888114,18.460079432826625,80,35.836177474400564,0,S2
38,68.40390879480489,NA,68.40390879480489,68.40390879480489,2,S2
39,62.076150666555634,21.004445927655162,77.77777777776336,38.216560509561226,2,S2
40,73.29842931941222,NA,73.29842931941222,73.29842931941222,2,S2
41,75.02390209698572,3.6912515379599453,77.63401109054247,72.41379310342897,2,S2
42,60.37862075446265,16.27433012319066,74.46808510634864,34.511092851272124,2,S2
43,69.11835943807387,7.752712811686934,74.60035523980952,63.6363636363382,2,S2
46,50.75501673917296,27.05179928125491,69.88352745424568,31.62650602410024,2,S2
48,56.658073342254525,17.58030505635917,67.85137318257684,36.39514731368302,0,S2
49,70.63648073700419,12.359274436004894,83.49900596420385,37.102473498232676,0,S2
52,67.63857050236587,19.79364624752068,104.47761194026353,33.81642512077275,0,S2
53,58.531564108654635,18.7140387150232,101.20481927710621,32.18390804597432,6,S2
54,61.57448699778669,17.192200309582468,74.60035523976734,32.03661327232312,0,S2
55,57.09824620229532,17.176047223888865,74.86631016048072,33.38632750397717,0,S2
56,61.03061918918669,16.986306426212177,84.33734939756695,30.612244897958615,0,S2
57,56.04450509758677,15.848715285742003,79.09604519773416,32.15926493108182,0,S2
58,54.76780608292118,15.983389282877694,75.40394973064255,32.76131045241652,0,S2
59,60.6217383262011,20.730357919941277,90.51724137928622,32.86384976526823,0,S2
62,62.874251496986126,NA,62.874251496986126,62.874251496986126,0,S2
64,63.80411159988405,13.552286575095783,95.23809523807874,32.18390804597432,0,S2
65,61.78758606049358,18.04813961035525,81.39534883726898,30.259365994238056,0,S2
66,50.417064817907985,19.458266096896693,104.47761194026353,31.134173461824076,0,S2
67,49.12786604188024,16.829249849049255,75.9493670886111,30.567685589528228,0,S2
75,50.23151097985167,15.730264880683482,68.51549755304723,30.042918454926788,0,S2
76,64.05943331348517,17.050482735663753,96.55172413792296,30.434782608689233,0,S2
77,60.71623240818837,11.54276616505935,80.15267175574245,33.38632750397717,0,S2
78,60.75874046608494,12.256873643550042,83.16831683174009,31.866464339901654,0,S2
79,62.97186727863476,11.396827530886123,78.06691449811329,32.967032967038236,0,S2
80,56.586891399733894,11.118852142584354,75.26881720422844,31.746031746026247,3,S2
81,61.10120235823345,10.895340494116505,77.20588235299849,34.91271820448688,3,S2
82,57.97540023458104,13.806620915107645,69.30693069304392,32.432432432426054,3,S2
83,68.9382991314137,14.976271614032422,96.77419354840413,40.07633587787122,3,S2
84,62.21937869622984,12.994334215660878,75.9493670886111,37.16814159291676,3,S2
85,63.63661575733949,10.549914726785458,79.09604519773416,33.953112368631594,3,S2
86,54.126907237333974,14.145154462790288,73.17073170734304,30.567685589528228,0,S2
87,52.93793084487982,16.303957792362166,86.77685950404809,30.32490974730158,0,S2
88,60.51374799093001,19.03088152885806,95.89041095882207,31.81818181818445,7,S2
0,51.14782145019204,15.067657483682662,70.11686143572626,31.0192023633678,0,S3
1,72.87948395268587,14.870787592345089,107.14285714285671,38.67403314917051,0,S3
2,60.586080166633145,18.870196996649188,89.93576017130536,30.523255813953508,0,S3
3,59.21018655475557,10.113180608025637,82.35294117646747,46.30650496140983,0,S3
4,54.240209958040104,5.19713131439155,66.03773584905824,48.05491990846427,0,S3
5,56.247892571688325,6.873881241423073,67.09265175718738,40.65827686350464,0,S3
6,54.93953264017546,9.24848219334739,79.09604519774601,30.237580993520673,1,S3
7,52.522651069392644,11.021745294721022,84.84848484847822,40.03813155386209,1,S3
8,53.76736186507647,10.936491705702874,76.78244972577498,31.650339110775146,1,S3
9,53.16453672425438,10.485531343811674,84.84848484849186,37.466547725246336,1,S3
10,53.0607321324175,10.462248859611192,70.94594594594643,33.14917127071715,1,S3
11,51.96784035280091,11.602615578496575,75.00000000000426,31.41361256544555,1,S3
12,57.308019087703016,10.850736792245259,80.15267175574245,34.7107438016512,1,S3
13,53.32810014520841,11.240245896484309,83.49900596425668,30.259365994238056,1,S3
14,52.332049985236694,11.975027577774583,79.69639468689698,30.412744388122665,1,S3
15,52.92166509584708,13.746424062245731,79.54545454547551,31.019202363369967,1,S3
16,55.274748418208745,10.389233034856993,76.36363636362059,39.84819734346053,1,S3
17,55.1112383568949,10.229640029044818,77.20588235290813,36.71328671328362,1,S3
18,53.674986542955644,7.743147365954137,70.82630691399315,40.15296367113321,1,S3
19,53.5418121196577,8.040940725965525,76.78244972576381,37.76978417266224,1,S3
20,60.843696006719,16.999841604264002,104.9999999999821,40.65827686350464,1,S3
21,52.04014671622465,9.258843459973848,98.13084112144904,44.210526315788414,1,S3
22,54.27671478191788,15.656076549479401,98.82352941187045,30.324909747291123,1,S3
23,71.39748418846716,26.11347875362414,119.6581196580812,30.08595988538968,1,S3
24,86.87470578373362,18.00640416530052,108.52713178293604,33.4128878281679,1,S3
25,67.88156592046595,16.256105595035226,88.60759493665344,30.478955007262485,0,S3
26,70.58812512683683,8.239791133546596,80.61420345486573,54.33376455366763,5,S3
27,72.61219224200995,12.144258905123046,86.77685950416223,31.34328358208402,0,S3
28,85.32905092745615,13.60741033319158,96.55172413792296,45.356371490279706,0,S3
29,89.97913735235045,18.083849525114935,104.47761194034625,39.84819734344849,0,S3
30,85.7126053174726,17.488373702310813,105.79345088164166,33.33333333332997,0,S3
31,95.0891139586726,16.17044513502384,110.52631578950808,32.91536050156684,0,S3
32,76.89241576519096,26.65312511837255,104.47761194034625,31.08808290155704,0,S3
33,75.9335843351639,22.987171142172894,97.90209790209873,31.963470319630588,0,S3
34,64.01303409282652,16.574455014754086,83.49900596420385,33.92568659127969,0,S3
35,70.35261426973877,16.61087097431748,85.71428571419662,39.6226415094275,0,S3
36,63.82238197474636,14.995015210524267,87.49999999999669,37.06972639012093,0,S3
37,61.10132025243386,17.27266000742623,91.7030567685422,32.58339798292708,0,S3
38,62.98187079472451,19.971821061497607,99.29078014185421,45.65217391304438,2,S3
39,57.004390675018215,15.833212472126304,90.32258064511535,31.273268801192803,2,S3
40,48.092451603360175,9.794702565369272,67.7419354838829,30.10752688171886,2,S3
41,51.3987235545218,6.042532017517191,64.91499227201761,39.6226415094275,2,S3
42,50.555883503429506,8.871649358494418,71.06598984770108,36.4900086880995,2,S3
43,52.64947953656856,11.464103002791509,82.35294117648674,36.49000868810959,2,S3
44,52.99601033391603,11.566801024385425,77.0642201835274,31.81818181818445,2,S3
45,53.60172452175333,11.268047236630665,81.2379110251868,33.28050713152793,2,S3
46,53.432851091327116,11.262195092504518,78.06691449811329,36.36363636364438,2,S3
47,47.957939878825336,6.192040357449926,67.85137318257684,41.95804195803342,2,S3
48,45.58716206066202,4.064043795830191,57.065217391335096,39.21568627451633,2,S3
49,52.445123983009864,9.056032275923467,68.51549755297606,37.634408602157166,0,S3
50,46.50941080424187,2.90158505974631,50.119331742226464,42.90091930540189,0,S3
51,50.23699256001947,10.337580441500569,64.22018348624782,39.43661971829437,0,S3
52,48.624823899252334,6.159324946673034,63.253012048155,40.38461538460973,0,S3
53,46.24336074255619,3.665287402692418,53.367217280838624,40.42348411934425,0,S3
54,46.39213141465658,3.6093209350023905,52.36907730673032,41.2979351032667,6,S3
55,53.65293010755922,7.610446189565441,62.40713224367217,48.61111111110927,0,S3
56,52.99110569327411,2.7670963259678283,56.07476635515544,50.724637681172126,0,S3
57,45.8117912582382,3.8547694976246185,50.785973397843115,41.338582677165945,0,S3
58,51.173133242910005,11.545868201623406,66.87898089170308,38.32116788323063,0,S3
59,48.34268678453067,6.666501649853863,67.1999999999511,39.10614525139082,0,S3
60,52.1559900533242,7.5785699135331,70.23411371237971,40.26845637582024,0,S3
61,49.93369571707204,8.142315825556276,66.98564593300969,30.85966201322425,0,S3
62,50.05003693690922,7.92383772989917,66.5610142630223,30.281182408079193,0,S3
63,48.80537286245253,7.890809367314115,67.7419354838829,31.111111111109015,0,S3
64,50.915038459369384,4.186276698900935,59.32203389833617,31.088082901564366,0,S3
65,51.54559204241607,8.372653169302229,72.41379310346872,31.866464339901654,0,S3
66,50.71936803563592,5.132889505647966,72.04116638076745,43.03278688522088,0,S3
67,55.50068829698957,10.431087184352931,76.36363636359847,30.04291845494047,0,S3
68,52.46754604356077,12.819084175797341,84.5070422535168,31.134173461824076,0,S3
69,46.383503858434764,3.8447347318346266,61.22448979588882,39.735099337742604,0,S3
70,47.327237461400834,3.6709319427265914,53.639846743264364,44.58598726115046,0,S3
71,47.36351501598997,5.991265348027242,61.58357771262081,30.905077262696963,0,S3
72,48.6576454573491,7.345570806898554,66.03773584907889,31.437125748508045,4,S3
73,48.93682024043541,7.340578647462296,68.85245901638933,39.17910447761433,4,S3
74,47.78194525322225,4.806299232388442,65.21739130434267,40.38461538460973,4,S3
75,54.840552248916275,12.208054556158855,84.84848484851915,31.746031746026247,4,S3
76,61.12057464038663,21.575204072741904,95.89041095896145,35.20536462700334,4,S3
77,61.136043324356656,17.117018557805462,95.02262443434847,44.39746300209692,4,S3
0,68.98612476234904,14.330236840358728,119.31818181818186,31.437125748502893,0,S4
1,64.82522758472294,5.7220340051953285,78.50467289719572,52.69761606022736,0,S4
2,65.63773063189353,4.418157015967932,76.78244972577778,56.000000000000846,0,S4
3,67.9469167833111,5.750319709004486,80.92485549133262,37.23404255319205,0,S4
4,65.4666479592394,11.574788160391964,82.84023668639064,31.273268801191875,0,S4
5,67.13922348220525,6.981796897482593,80.92485549132951,40.65827686350464,1,S4
6,61.630729562372906,4.500733459843627,69.07894736841543,44.30379746835461,1,S4
7,59.68788721986236,3.4182851841058715,67.41573033707968,53.16455696202509,1,S4
8,58.93019225342576,4.094686547890384,67.20000000000245,51.219512195121666,1,S4
9,59.84566916890264,4.512299263285134,69.30693069307124,50.23923444976205,1,S4
10,60.40124890890441,4.001455988475242,69.19275123559206,51.98019801980172,1,S4
11,62.48298530749818,10.253396853693658,81.08108108108009,30.701754385965536,1,S4
12,57.05698438918394,5.331723958484321,69.53642384106003,45.16129032258087,1,S4
13,58.384901056988284,5.36430155185551,68.62745098038955,33.096926713947255,1,S4
14,66.97239376056424,9.024389563585002,83.49900596421705,37.00440528634502,1,S4
15,56.47574135005317,5.013658093863763,66.98564593300969,44.68085106382936,1,S4
16,57.42287101542157,5.828822690949083,70.58823529411576,32.608695652171335,1,S4
17,58.78801025235753,5.328894233053473,68.18181818180973,40.57971014491898,1,S4
18,56.230581665739834,4.477227287188229,68.51549755301164,49.06542056075189,1,S4
19,62.77980641839948,8.968375754088646,75.53956834532448,32.992930086405885,1,S4
20,62.574271998349445,11.282616212224518,86.95652173909491,31.390134529147726,1,S4
21,59.18039651930289,5.065329432555027,69.88352745424568,46.77060133630043,1,S4
22,56.86511268760302,5.45527283450296,68.29268292683331,30.303030303030024,1,S4
23,61.59464790468123,6.588637426871333,84.5070422535168,50.1792114695238,1,S4
24,65.92663568322713,13.849196752449856,104.4776119403049,30.746705710102816,1,S4
25,65.82853560919358,9.380979038740627,78.65168539329648,30.478955007258968,5,S4
26,58.00601732902277,5.4416009724883425,70.70707070707276,47.78156996587174,0,S4
27,60.29452794941338,5.839799623482087,68.40390879480489,30.70175438596375,0,S4
28,62.49704752766487,6.546822973339402,77.34806629834812,50.72463768115262,0,S4
29,65.01602017570693,9.68815157819361,85.02024291497882,37.4999999999968,0,S4
30,58.97391059623883,7.091058051362241,73.42657342658767,30.905077262696963,0,S4
31,63.21890921663867,10.269518012828994,82.51473477407549,35.11705685619453,3,S4
32,62.29883898623721,4.073714146712705,71.4285714285784,50.66344993968242,3,S4
33,59.75198861648022,6.266564059014092,69.19275123558297,32.03661327230757,3,S4
34,60.109171519888264,8.454018997206887,70.5882352941252,30.129124820660838,3,S4
35,61.7762086287678,8.499001423778685,83.99999999999235,31.41361256544742,3,S4
36,66.01044506220789,11.764351931687907,91.10629067249361,33.20158102766655,3,S4
37,62.737883939794436,6.776845981961065,72.66435986160062,31.41361256543994,0,S4
38,66.08768991212213,5.487979397800049,81.39534883721878,55.04587155962568,0,S4
39,72.28158424039091,14.356327301545456,98.59154929570644,33.33333333332997,0,S4
40,65.0516275005521,6.953290557434736,77.20588235295331,32.134659525630816,0,S4
41,64.06093738648843,9.062993188077371,82.84023668635814,36.64921465968575,7,S4
42,63.201828419208724,9.818717720569369,82.0312500000309,30.36876355748389,0,S4
43,63.932938806483016,7.250321344414214,78.5046728971709,34.91271820448688,0,S4
44,58.799226727578144,5.725456901702695,70.94594594595597,46.71857619576476,0,S4
45,62.25073586613271,5.841348193705475,71.42857142859772,32.28285933897061,4,S4
46,62.06857326579698,7.516839834000752,75.13416815742201,33.78921962993299,4,S4
47,66.40025115415435,10.669333431889896,92.51101321586904,30.99630996309193,4,S4
48,67.35609028498584,14.760761344546726,97.67441860469867,43.749999999998344,4,S4
49,61.277680146456866,6.811227623023828,77.34806629837078,45.01607717042494,4,S4
50,60.22831205477527,11.584130978567654,92.10526315792339,33.25415676959232,4,S4
51,56.82615501923146,5.6146745340444895,71.42857142859772,47.673098751416674,4,S4
52,65.59711711313093,17.114574397121945,92.7152317881126,31.84230477634339,0,S4
53,66.85458661403237,9.364089985221057,92.51101321586904,43.298969072155614,0,S4
54,68.05909860772485,10.858972382500694,80.76923076921946,34.25774877650582,0,S4
55,67.73276022091899,11.961994623858931,85.19269776878123,34.00809716599591,0,S4
56,66.0458954016092,6.944546333557927,79.24528301887881,35.443037974675654,0,S4
57,66.67936800589452,8.33359748371188,79.84790874523003,34.17412530512242,0,S4
58,72.57611627905463,13.28616330328158,92.51101321586904,36.68122270741688,0,S4
59,73.03286715745158,15.186834920535771,90.71274298055941,30.76923076923364,0,S4
60,68.6984380320559,10.733916281660473,81.87134502915093,33.044846577495576,0,S4
61,74.73069035660387,13.128832118485299,91.90371991241449,36.426712922805116,2,S4
62,71.78021525925736,12.327561775406929,84.33734939762086,36.206896551714486,2,S4
63,67.07793894441284,12.930381879083964,84.5070422535168,31.650339110775146,2,S4
64,83.61834621943953,13.867216111533848,103.19410319408752,40.73714839960865,2,S4
65,81.76512720443903,12.89332360360945,108.24742268046008,33.492822966504846,2,S4
66,82.1060174693623,14.175658927504859,106.06060606058072,32.28285933896271,2,S4
67,79.85870828536424,13.859918075990084,107.41687979552535,41.62537165511097,2,S4
68,83.74443975284319,11.41293014643983,100.71942446045186,34.970857618655785,2,S4
69,75.10829251799518,16.10918768299774,102.18978102192857,30.612244897958615,2,S4
70,67.14977304403554,14.01434091163774,100.96153846143163,32.68482490272975,2,S4
71,57.78916721253262,6.75486364207278,72.9166666666639,44.49152542372212,0,S4
72,66.81229433089705,9.505766387340957,85.71428571430799,51.3447432762875,0,S4
73,62.13722368566271,7.2203669346813255,75.40394973064255,31.36669156086342,0,S4
74,62.08470416167465,8.977427298363539,81.87134502925254,30.456852791874237,0,S4
75,57.11605069872055,4.81355527729601,69.42148760329326,48.66743916570556,6,S4
76,60.46778319830523,5.556307364361826,73.29842931933078,48.16513761466242,0,S4
77,75.30059053371471,10.359692173181456,89.55223880596043,38.251366120229605,0,S4
78,64.05013104228028,11.323576949411379,89.7435897436016,37.43315508021912,0,S4
79,57.25563476501985,4.501648715871142,68.29268292683331,47.673098751416674,0,S4
80,56.80081519298651,3.887690720972305,66.66666666662624,46.71857619576476,0,S4
81,57.026912693232916,5.497274151951677,67.09265175712767,30.194104960454492,0,S4
82,56.237429183969894,3.6153034526854375,63.92694063930764,49.23798358733502,0,S4
83,57.116853911204124,5.064007988727869,67.85137318250705,46.92737430169124,0,S4
84,56.64343510124027,3.9619927891186677,66.03773584901279,46.35761589402372,0,S4
85,58.55684494110017,4.3270137024452175,68.85245901638933,48.72389791184384,0,S4
86,56.627556510305595,3.6752356953694183,66.56101426308945,49.18032786884219,0,S4
87,60.90291115140214,9.715348079975291,77.34806629832543,32.258064516118935,0,S4
88,59.50207575665397,10.243296175188693,73.68421052631814,30.950626381718834,0,S4
89,63.842063393835666,8.144938032399097,73.55516637485091,31.484257871074856,0,S4
90,65.04353796706185,8.321278669539916,73.94366197186272,32.45749613600881,0,S4
91,73.4389995408842,15.062806027868895,92.30769230761481,32.30769230770361,0,S4
92,65.47155682404865,6.97316371182402,84.5070422535168,53.36721728079545,0,S4
93,60.473354689670636,7.731989303551624,72.04116638076745,33.07086614173276,0,S4
94,61.49145977700239,8.878672387197359,73.29842931941222,30.950626381733354,0,S4
95,60.69086507306969,5.908936399898862,73.17073170734304,51.3447432762875,4,S4
96,60.50490111044175,3.4616458578471274,67.3076923077241,54.75880052151836,4,S4
97,59.97445104390093,3.9912230056383335,69.88352745420866,52.36907730673032,4,S4
98,68.10338046859559,13.895740143017047,90.51724137928622,33.492822966504846,4,S4
99,64.25796941632869,8.553271100639233,79.09604519773416,32.30769230770361,4,S4
100,61.216450030291455,8.560593149777677,73.17073170734304,31.41361256544742,4,S4
101,64.38045117159814,8.84444280101457,74.73309608544699,31.203566121836086,4,S4
102,60.75466499457432,7.806961326936581,81.081081081105,34.20195439738471,0,S4
103,67.91731855541805,14.00128545003952,91.50326797381705,34.426229508194666,0,S4
0,69.87736483985427,8.347723773770571,78.65168539325838,37.90613718411559,0,S5
1,67.37573831448506,5.9748671915864895,76.9230769230768,31.413612565444964,0,S5
2,65.91037997731888,6.702226434649837,77.2058823529392,33.95311236863378,0,S5
3,69.5027591531605,7.807919411399056,85.36585365854026,33.95311236863432,0,S5
4,66.18653177379655,7.027732563654484,81.08108108108009,55.48216644649772,0,S5
5,64.99294624218369,4.442718974123719,72.53886010362669,53.77720870678733,1,S5
6,63.35370719892026,3.1657476048489706,71.18644067796501,57.53424657534238,1,S5
7,62.293515068745286,5.111073234072955,68.29268292682889,32.78688524590193,1,S5
8,60.85328752361139,6.592971285460263,70.82630691400266,30.107526881720577,1,S5
9,61.56506450596661,2.6314190486598426,68.51549755302054,56.14973262032072,1,S5
10,58.95914433531496,4.575292729410626,64.22018348624,31.650339110775146,1,S5
11,59.86627664733668,6.0152463685054185,67.85137318255066,31.06508875739649,1,S5
12,61.396836611533665,5.00339835780318,70.82630691400266,31.602708803611012,1,S5
13,60.10553493628849,4.655294676166266,69.19275123559206,33.41288782816155,1,S5
14,59.55612512787901,4.947558431916294,70.82630691399315,30.36876355748389,1,S5
15,63.36812234588351,5.371286421189782,73.55516637478941,35.897435897440644,1,S5
16,64.77477553456605,5.119349685468932,75.26881720431433,56.75675675676478,1,S5
17,66.58298210006878,4.979020663968062,79.69639468692105,57.14285714284724,1,S5
18,64.10183066793051,4.545550879571561,70.35175879396952,35.11705685618518,1,S5
19,64.75879389560677,6.048511848183911,75.81227436826266,30.478955007255447,1,S5
20,64.8898139211431,6.83790067898823,79.69639468689698,31.06508875739649,1,S5
21,61.35306747276225,6.4968179346742465,70.70707070705382,30.28118240807572,1,S5
22,63.69263208613183,3.812391905062861,73.04347826088112,55.702917771891954,1,S5
23,61.71416797314548,7.043698199828901,73.0434782608609,31.53153153153222,1,S5
24,64.47931010612868,11.761602440842577,90.90909090911096,31.437125748500556,1,S5
25,64.99520458647967,11.425898516812783,75.26881720431433,34.035656401943235,0,S5
26,65.60614306393673,8.652018003519826,78.3582089552752,31.2965722801792,5,S5
27,64.24456048456226,6.8243495457210175,77.63401109056531,30.724213606435246,0,S5
28,65.42500914016011,2.22667888554738,70.82630691401216,61.31386861311915,0,S5
29,69.54553472285707,6.556676539426825,80.15267175569375,32.68482490272165,0,S5
30,68.59346417757226,7.679791184871728,80.30592734226641,32.50773993807859,0,S5
31,66.6500741840838,6.924566787674198,76.92307692307962,30.390738060784116,0,S5
32,65.70052499897382,5.768098303706321,73.94366197184199,33.333333333334174,3,S5
33,64.77285575527618,6.1024779407536665,71.06598984773936,32.35747303544022,3,S5
34,66.95173340561891,8.611033423340668,81.081081081105,32.33256351039089,3,S5
35,64.43207107314454,5.163814183140818,74.86631016039577,52.30386052304915,3,S5
36,66.14418116110684,11.397586421184315,89.36170212768897,32.23330775133806,3,S5
37,68.58747671149409,9.796636778480966,78.21229050278164,35.47297297296845,3,S5
38,69.7291216320806,10.467556242026333,86.59793814433964,35.323801513874884,0,S5
39,65.46587790408293,11.730153191720468,83.33333333335649,32.83815480844302,0,S5
40,66.44922119775718,10.423220505159263,79.84790874523003,31.27326880118539,0,S5
41,62.90336905625782,7.126533625559453,72.04116638080679,31.157270029669345,7,S5
42,68.30589922709504,8.052396430110909,82.35294117648674,34.8258706467637,0,S5
43,69.43526953123353,9.116869852956908,82.35294117648674,30.656934306566697,0,S5
44,65.42180745805757,4.303589438366331,72.79029462736604,56.9105691056797,0,S5
45,66.33897699851907,4.375734300443467,74.86631016043825,58.252427184480425,4,S5
46,64.09635336210765,3.558703692820842,72.04116638084612,56.375838926175874,4,S5
47,63.26364802457428,5.681139458091428,71.30730050935041,34.45447087776979,4,S5
48,60.85959687862371,4.127740503857973,64.41717791411061,31.019202363369967,4,S5
49,62.200647091554124,2.184479114828094,68.07131280390404,57.851239669416124,4,S5
50,64.33977884689136,11.235589033686152,83.6653386454262,31.460674157303586,4,S5
51,70.70521435126153,8.424547071757013,88.98305084750426,32.23330775134593,4,S5
52,74.0537495501498,14.089306434083566,95.89041095903114,38.46153846153981,0,S5
53,75.03585125961831,10.62034451856373,92.1052631578591,40.57971014491898,0,S5
54,77.5494323507593,9.610904791442922,88.05031446540914,35.989717223645954,0,S5
55,76.54617672385102,10.903202545454688,91.50326797388051,36.971830985920995,0,S5
56,78.13508854983664,9.846464324375107,90.51724137928622,38.88888888888168,0,S5
57,79.65018331560597,16.43342838535522,99.29078014185421,30.237580993526734,0,S5
58,92.78568433884975,13.68778055079936,104.47761194034625,45.60260586320326,0,S5
59,95.17635931678966,16.147428520147827,106.32911392405553,32.35747303544022,0,S5
60,88.5107536132856,15.654823702523581,103.19410319408752,30.237580993526734,0,S5
61,85.57910739196873,18.828806479821736,106.06060606058072,31.987814166030613,2,S5
62,80.55675447760308,17.668892333345394,98.36065573775771,30.042918454933627,2,S5
63,86.269629192674,9.809219850476836,99.76247030885239,43.032786885262986,2,S5
64,85.94164814517846,15.212820347832212,100.96153846158614,30.656934306566697,2,S5
65,83.18501093249823,6.032010278585024,93.54120267260086,43.61370716510648,2,S5
66,83.91087912073766,13.318171994558481,99.76247030885239,30.6345733041595,2,S5
67,85.32725964412691,12.94762134072747,93.54120267266718,30.194104960454492,2,S5
68,83.46773889427728,12.582811199640355,96.9976905312202,30.194104960468312,2,S5
69,69.4038838916037,8.809953809396708,83.6653386454262,32.8125000000042,2,S5
70,67.42906897657966,8.003639820040334,77.92207792212578,32.35747303544022,2,S5
71,70.8632387565084,10.002203949696662,83.16831683163524,31.72205438065646,0,S5
72,67.17190685395396,9.899182466810043,85.36585365851954,33.306899286291205,0,S5
73,70.25051800813725,8.24291802835623,85.0202429150336,36.26943005181085,0,S5
74,70.79822575078785,6.081414025001237,80.61420345486573,37.36654804270233,0,S5
75,73.01609699809998,13.962856193847712,90.90909090911096,36.45833333333195,6,S5
76,62.985561711692824,6.2875605916555894,75.9493670886111,32.4825986078879,0,S5
77,65.3312359941939,10.109410094554521,80.45977011499468,33.73493975902678,0,S5
78,64.22513036253235,8.545212429012752,80.92485549133572,32.58339798292708,0,S5
79,63.43746790947846,8.57886751811689,78.35820895522866,31.296572280168064,0,S5
80,61.82645003491313,7.534966081184833,68.40390879473397,30.259365994238056,0,S5
81,61.99368593902951,4.841921277146258,69.42148760329326,31.650339110775146,0,S5
82,63.87595596819113,6.205814647401216,77.34806629832543,55.19053876479215,0,S5
83,61.45909092273355,3.1364792954386305,66.56101426308945,55.48216644649481,0,S5
84,64.78797214678514,6.064043878507368,86.59793814433964,31.914893617019423,0,S5
85,69.81215697611134,10.115925717512226,89.93576017133984,35.383319292328515,0,S5
86,69.93980221726137,4.33334562509494,79.24528301878361,61.40350877192035,0,S5
87,73.95448773575953,13.17064345577743,93.54120267253455,30.237580993519806,0,S5
88,64.63152115968873,7.250210055329942,76.64233576641675,32.38242097146064,0,S5
89,63.78409946544845,5.7824147460741635,73.94366197186272,33.254156769583936,0,S5
90,65.97375006630479,5.464411093597047,73.94366197177983,34.146341463416654,0,S5
91,62.98730498446834,4.428561186678821,71.67235494882058,55.11811023622126,0,S5
92,60.69331402434372,8.118272105441097,69.42148760329326,30.545454545446464,4,S5
93,60.740629729628395,4.718868558197981,67.6328502415455,32.60869565218745,4,S5
94,67.00988532716927,8.449780075242675,84.84848484851915,52.50000000001194,4,S5
95,67.49987466377435,4.907145413710736,73.29842931933078,34.45447087776979,4,S5
96,67.40876428492571,8.755908099559207,82.5147347740497,33.492822966504846,4,S5
97,63.56774491491417,5.551327915003854,75.00000000006821,35.80562659845015,4,S5
98,71.89377338187096,8.779979897693892,88.60759493671294,34.39803439802917,0,S5
99,72.19277199125627,9.140010425154328,89.17197452236118,34.090909090904866,0,S5
100,68.85044257628763,9.628674302197426,76.08695652167043,34.229828850867214,0,S5
0,67.31221982191548,15.517899781685085,81.55339805825143,36.77758318739054,0,S6
1,68.29613849124246,8.782267935524592,77.34806629834387,32.208588957054815,0,S6
2,68.3965768384592,8.571124263118515,86.24229979465558,34.035656401944884,0,S6
3,67.84263992761049,4.322219145397035,86.2422997946591,62.03840472673629,0,S6
4,67.48819716831763,3.5856105836059977,75.9493670886111,61.49341142020563,0,S6
5,68.25876422363095,9.750486601193497,87.68267223381592,33.62690152121695,0,S6
6,66.06251086734238,9.8863534936993691,87.86610878661243,33.76205787781367,0,S6
7,75.05331013506056,13.457365858949236,91.90371991247851,34.941763727120524,0,S6
8,70.42952391889514,10.94461643454921,90.71274298055941,30.172413793102304,0,S6
9,68.57884983439641,8.97737382584339,86.95652173912356,35.26448362720446,0,S6
10,65.76366945389964,11.236098529311075,79.84790874525419,31.722054380664087,0,S6
11,58.08018986583277,12.894508706221256,71.67235494881085,30.76923076922826,1,S6
12,59.97113421265055,10.918007655990696,72.16494845360057,31.746031746030067,1,S6
13,64.97233603616387,11.309170143560952,84.84848484849186,32.012195121952594,1,S6
14,63.21477858097768,11.543595865578265,75.94936708856737,32.63403263403695,1,S6
15,62.06661549030529,15.448152758644426,80.15267175576679,30.478955007258968,1,S6
16,64.56937903441589,9.50494266435245,83.16831683166144,31.890660592258254,1,S6
17,62.19798072733453,8.544136696256652,69.99999999999734,30.04291845493705,1,S6
18,62.70492296339936,12.762543060165823,79.39508506619042,32.4825986078919,1,S6
19,66.38371194529411,15.674594782089901,95.45454545455334,32.71028037383662,1,S6
20,73.5079855234593,13.08519495000678,87.6826722337795,33.41288782815944,1,S6
21,71.36343633893102,13.93328232942821,85.8895705521335,37.26708074534919,1,S6
22,74.28750411760448,11.305915448580885,86.95652173918087,39.810426540275095,1,S6
23,80.15296431712652,12.003799277660969,104.21836228289676,39.21568627451633,1,S6
24,82.51767772183074,12.966937468525419,99.76247030877695,45.11278195487426,1,S6
25,80.99712826319298,13.044491911987508,93.33333333337106,33.12302839117356,1,S6
26,81.75216958253178,5.324383683311052,90.32258064517718,72.16494845360057,1,S6
27,81.65567477018269,5.065201493479386,91.70305676860593,72.5388601036217,1,S6
28,71.6743233265694,10.144042689107431,87.49999999999669,40,1,S6
29,73.31530268421656,16.823400305222084,95.67198177679788,34.91271820448688,1,S6
30,75.19681650104627,8.936612297822114,96.55172413792296,65.72769953053646,1,S6
31,68.26417858305683,4.377684966838055,79.84790874523003,64.41717791411061,5,S6
32,74.59909634222369,6.790747656545841,93.54120267260086,65.01547987613317,0,S6
33,75.7001111336017,9.320244543572395,91.90371991247851,35.623409669214055,0,S6
34,71.47884706459907,5.1483272602519365,87.866108786649,65.21739130434267,0,S6
35,80.17470712966814,11.384264758179755,100.00000000001516,41.09589041095788,0,S6
36,82.19959842161114,10.830052298431946,95.67198177679788,43.12114989734364,0,S6
37,74.33340431695602,8.109174627906157,89.7435897436016,63.15789473682396,0,S6
38,77.8608700064873,9.468967141156337,95.89041095889176,36.87445127305136,0,S6
39,73.91751740394203,16.483686553816007,93.95973154359969,30.79178885630322,0,S6
40,72.21413789669027,11.203156626826784,88.79492600419384,33.43949044586002,0,S6
41,71.05022315602541,13.310546666464965,91.50326797381705,30.769230769226464,2,S6
42,72.56781668084533,18.861867953998903,103.70370370374562,30.10752688171886,2,S6
43,63.7230600380333,10.034735680620129,80.61420345486573,32.40740740740618,2,S6
44,65.46280914299211,11.972932474493655,88.05031446540914,31.41361256543994,2,S6
45,65.2858510004656,7.625993543170506,78.21229050278164,33.953112368631594,2,S6
46,61.65721592988735,12.593866067019931,85.36585365857478,31.914893617019423,2,S6
47,61.720412059934816,14.60438973156988,88.05031446540914,30.85966201322425,2,S6
48,64.49368365562378,13.23592101694344,84.67741935474493,31.65033911079033,2,S6
49,64.59266790335914,14.499348568069575,90.51724137928622,32.208588957055305,2,S6
50,60.68515905051037,16.45941784745185,86.77685950416223,31.273268801177977,2,S6
51,59.89519235640738,11.728422045908108,75.67567567564839,31.019202363369967,2,S6
52,62.265971508209965,8.849142959881451,76.22504537208555,30.346820809246243,0,S6
53,59.15108006518325,14.136363621051693,86.59793814433964,30.412744388129674,0,S6
54,61.70360357362412,13.072142084843156,92.10526315792339,30.0214438884942,0,S6
55,60.732365462419644,12.098629439407546,80,30.6345733041595,0,S6
56,63.46933503246595,10.328399569125708,88.2352941176093,31.770045385791626,6,S6
57,67.17480872293008,12.795272519267272,85.71428571430799,31.79409538228606,0,S6
58,62.41715978319569,10.139827570509551,74.33628318583352,31.650339110775146,0,S6
59,66.89324530938495,16.435117292468476,90.32258064511535,30.36876355748389,0,S6
60,60.763036852461234,9.539389004340949,77.06422018343737,30.545454545460608,0,S6
61,61.52042129004085,13.237126519126342,78.79924953091759,31.134173461824076,0,S6
62,56.97187780282489,15.807868641555233,76.64233576641675,30.6345733041595,0,S6
63,53.385692511185674,16.401084799405833,78.94736842102996,30.194104960454492,0,S6
64,62.78198830491083,18.156123464601443,92.5110132159339,30.042918454926788,0,S6
65,52.66357732880225,14.957495385657868,66.5610142630223,30.746705710102816,0,S6
66,55.095007094997555,17.357282869900434,85.36585365851954,30.612244897958615,0,S6
67,69.39762061651909,15.650474229579482,86.06557377044176,35.14644351465024,0,S6
68,62.04365165914056,2.648832372443973,67.3076923077241,56.52759084793241,0,S6
69,62.825700178964595,7.825345976212737,70.11686143571812,32.83815480843485,0,S6
70,65.88900752502265,4.156961819931732,74.60035523980952,60.08583690988094,0,S6
71,66.87548592440561,3.331379259916286,73.68421052631814,62.314540059323974,0,S6
72,65.25432923683591,12.574020161958396,84.16833667341174,30.996309963099215,0,S6
73,70.56229268857501,12.098071553235823,83.6653386454262,35.383319292328515,0,S6
74,60.978021896850265,10.420519430003747,69.88352745428269,32.30769230768779,0,S6
75,64.09506181303476,4.133683950543078,70.94594594595597,57.53424657537687,0,S6
76,63.91951444391751,8.87533694392247,73.68421052631814,32.5077399380826,4,S6
77,62.087838709125435,10.098051221692977,74.33628318583352,30.390738060784116,4,S6
78,65.12352848893427,6.687361138516384,76.78244972578615,56.52759084788397,4,S6
79,61.756018824008336,15.416649522653072,77.34806629832543,30.545454545460608,4,S6
80,66.48406418698822,13.466514738567659,92.92035398229191,34.39803439802917,4,S6
81,75.7539787545956,10.092352013317772,88.98305084750426,63.82978723406973,4,S6
0,76.14896771444215,12.34980135510001,94.17040358744423,35.653650254668925,0,S7
1,70.31845691904667,12.352250269154922,91.30434782608876,33.95311236863378,0,S7
2,69.36271972776655,11.017179546594328,86.59793814432898,32.208588957055305,1,S7
3,74.75058752908144,6.736963731551864,87.86610878660876,60.08583690987068,1,S7
4,71.67732753516839,8.813029239842079,84.84848484848504,38.11252268602488,1,S7
5,74.06308093327154,8.06722188728455,89.93576017130152,57.29877216916926,1,S7
6,72.4689503886749,6.2867500673640615,84.5070422535371,60.171919770772504,1,S7
7,68.42920665233676,5.577938122884381,83.00395256917552,59.322033898306174,1,S7
8,71.59264668309434,7.941532599126721,86.06557377049089,51.09489051094944,1,S7
9,65.90504612513368,3.89807343825367,76.50273224043703,55.26315789473668,1,S7
10,69.98296602703279,12.448319322475072,94.17040358744318,43.43329886245987,1,S7
11,69.60844513381895,8.397503563997615,88.05031446540914,41.74950298210522,1,S7
12,70.69670665480474,8.757680439008094,88.42105263157683,36.332179930795306,1,S7
13,74.10065366783542,7.83235474791209,86.2422997946591,36.71328671328617,1,S7
14,68.482790696477565,7.397282747518762,83.99999999999235,55.11811023622126,1,S7
15,69.9664788757923,7.460379793253616,82.6771653543578,34.341782502041546,1,S7
16,66.78517215588978,9.61180630321806,86.95652173912356,32.735775526108256,1,S7
17,73.6701000022072,10.524994753161051,90.32258064511535,30.021443888490783,1,S7
18,77.12092778126089,8.250220199103307,87.68267223380865,38.461538461545416,1,S7
19,66.37433791043229,4.263657374800777,76.08695652173624,58.41446453408205,1,S7
20,68.45925066710019,10.142677969820282,90.90909090917359,40.42348411934425,1,S7
21,77.43140021870408,14.957621549451014,99.29078014181685,33.1230283911694,1,S7
22,65.05776843316308,8.308057446611958,79.84790874520587,33.76205787781583,0,S7
23,62.85592602488118,9.6510020449922,90.7127429805906,31.366691560870876,0,S7
24,56.622534776847246,3.4264937874731167,64.91499227201761,47.5113122171999,0,S7
25,69.92362150355491,10.928009310123308,89.36170212765872,38.96103896103988,0,S7
26,58.148195261458106,4.9707364506233125,71.30730050931187,46.563192904647025,3,S7
27,59.72970419819239,3.313324144140856,68.51549755301164,53.36721728081704,3,S7
28,57.61007226484611,6.7446345610798515,68.73977086743157,30.950626381726092,3,S7
29,57.95903094811963,5.364876306408507,77.34806629832543,50.48076923077375,3,S7
30,58.525814620481256,4.077925635209968,66.98564593302669,50.72463768115262,3,S7
31,56.31543373035303,4.730921528725727,78.21229050280482,48.387096774193196,3,S7
32,79.78421413769316,11.881299608424957,101.20481927718384,47.72727272727667,3,S7
33,63.861380733072316,9.370950113942973,82.84023668638415,30.434782608692743,7,S7
34,60.12571835305895,5.7334151715795905,70.5882352941252,32.96703296703,0,S7
35,60.73102785966732,7.782901738010532,77.77777777780922,30.814380044021323,0,S7
36,57.5853652769884,4.84024530803833,70.94594594595597,49.99999999998863,0,S7
37,58.685449018241926,5.492813488566529,70.11686143571812,47.19101123594975,4,S7
38,59.394773231574256,6.2800448260263675,72.66435986160062,50.54151624549876,4,S7
39,61.94678522374324,7.310237967264473,80.45977011494561,49.763033175355126,4,S7
40,64.62605971146293,11.745521796037517,83.16831683168766,30.973451327430638,4,S7
41,63.8701613411881,12.506039444214439,85.02024291497882,31.507876969240332,4,S7
42,63.39810639816063,11.870287118770655,83.16831683168766,43.65904365904622,4,S7
43,61.93427631226679,11.021886271219174,79.84790874523003,32.110091743116094,4,S7
44,62.20489168252818,7.718432188990605,83.83233532931483,31.226765799252703,0,S7
45,77.31318153021523,14.13182396457515,98.59154929578013,37.004405286342426,0,S7
46,96.72124591576609,19.376106151636968,118.64406779656566,33.573141486817285,0,S7
47,82.92660325938796,28.991319783484755,120,36.906854130050895,0,S7
48,95.89131664952218,17.75394204078611,119.65811965797269,34.56790123456376,0,S7
49,104.62913127452265,13.686780688952224,119.65811965818973,44.3974630021268,0,S7
50,105.11884368663594,20.21607528624261,120,40.77669902912729,0,S7
51,94.58156891382194,21.91500434024547,120,32.03661327231535,0,S7
52,77.41413340298007,19.4223008823503,106.59898477160904,30.478955007262485,2,S7
53,76.39467740369922,19.57073850166115,107.41687979535044,31.507876969240332,2,S7
54,69.58006473384984,19.30894558869817,93.95973154359969,30.10752688171886,2,S7
55,66.55898829551184,13.847696269180695,93.33333333337106,30.70175438596732,2,S7
56,82.54489026851257,29.859936285004366,117.97752808987438,31.34328358208402,2,S7
57,96.52387234643594,22.740724926011794,118.30985915495383,33.76205787781583,2,S7
58,80.40079275778427,21.11021124108223,112.60053619301522,31.019202363362673,2,S7
59,83.04833405791065,19.191556044683818,105.00000000002387,30.58994901674856,2,S7
60,77.41602244825818,17.561265403397556,104.99999999994031,34.912718204496116,2,S7
61,74.84540355493452,23.608265273200907,110.52631578960066,30.6345733041595,2,S7
62,66.06998406342043,15.696754318876343,101.94174757281823,30.859662013245902,2,S7
63,66.12677707789977,9.010289802410826,85.53971486761964,33.254156769600705,0,S7
64,74.80973730667,12.324327630366302,94.59459459464188,32.23330775134593,0,S7
65,72.9491591249473,9.37449110508539,89.7435897436016,32.889584964741296,0,S7
66,72.69511099410019,17.467699824721006,104.47761194034625,32.11009174312391,0,S7
67,66.28115410979478,9.035652120877845,84.5070422535168,50.48076923077375,0,S7
68,65.87554558518819,7.447011133359565,82.03124999992889,31.460674157311086,0,S7
69,65.85774962873666,8.847482631153875,90.51724137928622,30.58994901674856,0,S7
70,62.8265277163259,5.5909706958587115,78.35820895522866,51.219512195111726,0,S7
71,70.98687842343783,10.418855794248827,90.51724137928622,44.96788008566992,0,S7
72,63.76117331195643,7.537729409467228,85.0202429150336,31.53153153153222,0,S7
73,70.11270095251791,8.54535420239834,83.8323353293681,37.004405286342426,0,S7
74,68.2932826936987,6.869405514883026,81.71206225680413,37.97468354430555,0,S7
75,74.43127616569788,11.443668601258265,99.76247030885239,43.47826086956178,0,S7
76,75.24322408034976,16.386444052524155,101.94174757281823,47.032474804058566,0,S7
77,58.93111142205857,7.788247323024179,82.5147347740497,47.56511891278298,0,S7
78,59.438834320487906,10.25340024110202,82.19178082196696,44.776119402980214,4,S7
79,63.71073652095395,11.686445456401982,85.36585365851954,46.92737430169124,4,S7
80,62.6387574789852,11.483332271167015,86.59793814433964,40.54054054052759,4,S7
81,67.03498959418422,12.892619412658798,86.95652173906625,49.58677685950264,4,S7
82,65.53170721487378,11.820883388198158,87.68267223383778,41.05571847506776,4,S7
83,75.06406280141171,12.274774085052982,91.7030567685422,38.11252268604277,4,S7
84,64.40003007455724,8.432941835771315,79.24528301887881,32.8125000000042,4,S7
85,75.18098080727128,18.52067234412642,99.29078014185421,31.134173461824076,0,S7
86,66.6657444470531,7.165320206777712,73.42657342662854,59.15492957747691,0,S7
0,76.86216360251909,15.055547218774748,97.44779582366633,35.958904109589106,0,S8
1,67.28801399204639,9.637285466994713,80.45977011494254,32.684824902723676,0,S8
2,65.64719312759551,9.443377313406366,86.7768595041337,36.6172624237135,0,S8
3,64.73881011932752,5.617266346219059,72.16494845360552,32.76131045241855,1,S8
4,61.19205173410316,11.011796719321268,78.35820895522576,31.91489361702039,1,S8
5,62.75303135469232,12.311935179598459,74.46808510638542,32.91536050156786,1,S8
6,65.14555433066069,10.921179597984,73.94366197183163,34.090909090909264,1,S8
7,69.12982913403113,9.324550127059895,85.88957055214748,34.56790123456829,1,S8
8,68.14902407460337,10.715125195373824,86.95652173912356,33.65384615384703,1,S8
9,69.40453862046516,9.714044262804563,83.6653386454262,33.044846577497644,1,S8
10,73.01258817136014,7.557073276666943,85.02024291497882,35.353535353534014,1,S8
11,65.90868135530563,11.307696348202922,87.31808731807799,31.96347031963446,1,S8
12,67.37194229033612,7.853914812250558,79.69639468689698,34.62489694971147,1,S8
13,68.10154125455435,11.446038022552921,79.39508506615458,33.07086614173276,1,S8
14,75.25183915559913,7.868198432885857,93.95973154363314,38.49679193400521,1,S8
15,74.83134999887045,12.493956740327208,97.90209790209873,34.91271820448457,1,S8
16,74.4685297648137,7.574325171065917,90.12875536481627,39.28905519176823,1,S8
17,64.37193297382079,13.483465135861495,82.35294117646104,34.06326034063406,1,S8
18,69.38967854592217,9.387719199393032,78.21229050280482,34.341782502050485,1,S8
19,68.57289384113992,10.211865502591449,79.84790874525419,34.739454094294345,1,S8
20,66.56834696669311,12.10506377822468,77.63401109056531,34.4544708777608,1,S8
21,68.00324540249699,9.679441443853047,78.65168539324958,35.5932203389777,1,S8
22,79.00090022990761,12.083488850070474,95.02262443438269,34.82587064675911,1,S8
23,73.76239271296326,12.220221434632135,90.51724137928622,39.32584269663065,5,S8
24,67.54438234330144,6.321380965849292,81.2379110251618,36.02058319039356,0,S8
25,69.54603274161903,9.464685669918444,92.51101321590147,38.74538745387402,0,S8
26,71.06259868142672,15.710890902855088,99.76247030881467,32.43243243243004,0,S8
27,64.76565142968758,13.505006015339102,93.12638580929405,32.786885245902944,0,S8
28,67.58423702160057,13.263530440405388,96.77419354836864,31.602708803609122,3,S8
29,69.53725000650996,10.75846209976335,98.13084112144904,40.501446480226534,3,S8
30,69.14852860955186,11.04512086539819,92.51101321590147,34.20195439739358,3,S8
31,68.27600742218267,15.317200977183438,99.52606635071025,33.51955307262638,3,S8
32,69.7643024165846,9.454492781652919,85.53971486759191,31.818181818180612,3,S8
33,71.24662395025665,13.096706577811382,93.54120267266718,36.175710594316975,3,S8
34,77.07210823855095,10.888806107974688,98.8235294117224,31.67420814479803,0,S8
35,73.66233823192277,11.616370727010926,89.17197452230091,33.07086614174105,7,S8
36,69.71815272943985,9.865597768253911,89.17197452230091,33.573141486808744,0,S8
37,71.64346192537188,13.286596963423014,97.22222222221853,30.456852791881268,0,S8
38,60.14446989539257,9.238522766066614,78.79924953096464,33.68083400160562,0,S8
39,63.57202116867528,10.01579235207237,81.71206225680413,30.814380044021323,4,S8
40,66.72742070348399,9.623145623956054,87.866108786649,40.856031128402066,4,S8
41,66.59123111168314,10.666306886363891,83.00395256915594,36.363636363634356,4,S8
42,65.45373113608859,12.413573231198018,87.68267223383778,33.573141486808744,4,S8
43,66.07054704086171,9.370134301175396,83.33333333330386,35.029190992495714,4,S8
44,74.6110433555373,12.954258095062828,97.67441860462637,33.38632750397717,4,S8
45,72.37480264182344,7.4423068008340065,87.31808731806355,38.391224862881906,4,S8
46,77.66699536832586,9.914204641276484,94.38202247193325,31.602708803612906,0,S8
47,77.16021374739128,13.96539874836743,96.10983981694604,32.86384976526004,0,S8
48,80.9007776943713,14.104402623663688,98.8235294117224,30.612244897958615,0,S8
49,85.21762132917162,16.406677500328694,118.64406779667235,38.638454461820295,0,S8
50,79.48985891678751,13.318680603735759,101.20481927710621,31.602708803612906,0,S8
51,79.76200461028942,12.522192196177556,102.18978102184941,34.00809716599591,0,S8
52,84.55793223798749,14.41977555818629,106.06060606058072,32.63403263403291,0,S8
53,90.95010461719707,21.835478478377528,114.13043478267019,33.573141486808744,0,S8
54,89.62368335793411,15.544072509234924,107.4168797954379,31.62650602409266,0,S8
55,86.94330251913169,17.913793158893018,108.24742268046008,35.77512776831412,2,S8
56,84.51797925882688,16.579291848750795,104.47761194026353,38.3211678832195,2,S8
57,82.88912231851582,18.128055115307276,100.71942446045186,31.79409538228606,2,S8
58,82.33428694677647,17.83953497798951,99.5260663507478,30.36876355748389,2,S8
59,81.4299306638578,13.55072332396632,104.21836228289676,38.14713896458793,2,S8
60,89.74509923366759,17.107546380353437,105.79345088172649,33.734939759035406,2,S8
61,90.29156013956468,16.817949451953453,110.81794195257415,31.650339110767554,2,S8
62,85.27679024447374,11.38325254266108,107.416879795263,35.47297297296845,2,S8
63,92.07529447890151,13.126296477827012,108.24742268028245,40.65827686349211,2,S8
64,83.52924113962351,18.47290094008723,108.24742268037127,31.134173461824076,2,S8
65,72.68868074750124,11.4112309700038,100.47846889943801,35.264483627213885,2,S8
66,75.22878707224852,5.598533414839416,88.60759493671294,63.73292867983409,2,S8
67,78.3193112459719,15.347035315600069,102.9411764707048,32.11009174310828,0,S8
68,72.415230669639,14.051321005646713,91.30434782602558,34.31372549019924,0,S8
69,66.93917264879602,11.191028917481834,90.32258064511535,30.04291845494047,0,S8
70,61.82693911759325,9.176102149546686,73.17073170734304,32.71028037382445,6,S8
71,64.29263751272491,6.5877343970389894,72.16494845360057,34.88372093022739,0,S8
72,62.44218718673625,12.684711020221672,87.13692946053685,32.710280373840675,0,S8
73,66.40285664246697,11.713830465358695,82.5147347741529,33.35980937251749,0,S8
74,66.45645077776238,10.275201504631324,76.92307692310203,34.768211920530014,0,S8
75,62.21662677073595,12.731377110620613,79.09604519773416,32.35747303544022,0,S8
76,64.1065127563722,14.939890954069227,89.36170212762845,33.30689928627439,0,S8
77,63.14150705031209,12.93049132003333,75.40394973072874,33.707865168544146,0,S8
78,73.1596442654211,17.50030986341453,101.44927536242226,35.08771929824487,0,S8
79,80.55675206690675,14.07588780483831,105.5276381908699,31.111111111109015,0,S8
80,68.23664387734195,9.9790868257429,86.06557377044176,36.80981595091778,0,S8
81,70.7719269563222,10.120507361231304,90.12875536486246,53.16455696202777,0,S8
82,71.29515562358421,10.744623690511458,89.17197452224065,32.25806451613471,4,S8
83,74.34312313001843,6.82980227148433,86.77685950404809,59.490084985832326,4,S8
84,74.71138573977314,10.100500711457974,88.98305084750426,32.11009174312391,4,S8
85,75.71317409024321,8.742426172966331,89.36170212762845,37.135278514602476,4,S8
86,77.86093245968571,13.446887891032684,94.59459459464188,30.81438004401413,4,S8
87,79.89890007902822,14.324437885069315,103.44827586208194,33.096926713951405,4,S8
88,79.07437837709753,10.16043352137712,92.92035398229191,37.668161434966514,4,S8
89,87.8944544102405,14.501606823499428,103.19410319408752,33.870967741924055,0,S8
0,92.32227399207046,8.897369823166095,104.99999999999972,44.350580781415,0,S9
1,73.67812911069721,8.439120380083775,95.89041095890484,41.79104477611948,0,S9
2,75.12556478535195,4.990318569578694,84.3373493975939,62.78026905829545,1,S9
3,76.68681111853381,7.152047358914758,94.38202247190794,56.52759084791273,1,S9
4,74.97085624241497,5.981397107642289,85.02024291497882,57.692307692308134,1,S9
5,77.6233636241365,7.6636516906919905,90.71274298056721,50.359712230216324,1,S9
6,74.50269993470846,3.94968537189663,86.7768595041337,67.85137318255502,1,S9
7,76.27123049256365,6.01154652071768,92.71523178808003,65.01547987615719,1,S9
8,78.81372223540754,6.403171331806266,94.80812641083872,66.98564593300969,1,S9
9,75.86034939638016,7.101453738411921,92.51101321585283,36.64921465968575,1,S9
10,77.62662690838988,6.200674297274191,87.13692946058,37.533512064343746,1,S9
11,79.60586829038223,8.41976383470981,96.55172413794062,36.113499570077046,1,S9
12,80.19296644227414,8.251709058931132,92.10526315790732,40.07633587786209,1,S9
13,77.90975681209434,8.201680529780292,98.36065573770271,40.03813155385905,1,S9
14,80.69554815708193,7.001708586602437,95.23809523809592,64.12213740458617,1,S9
15,74.2791019237077,4.252569580761254,87.68267223380865,65.52262090483303,1,S9
16,73.72603417912254,5.2300915609171925,87.86610878660511,64.12213740457058,1,S9
17,77.39107941434861,11.645880260109037,99.29078014185421,35.53299492385054,1,S9
18,74.41532203463781,5.717075510891017,88.2352941176683,64.22018348624782,1,S9
19,76.54010689587962,8.611083792260658,92.71523178808003,60.258249641321676,1,S9
20,80.19416600461633,9.996483799996703,92.92035398229191,33.81642512077708,1,S9
21,84.68422747479862,14.352443534794627,106.8702290076133,33.333333333334174,0,S9
22,83.17023628327094,5.934694217019127,94.17040358740957,67.9611650485455,5,S9
23,76.12689121655316,7.957015700133905,92.10526315795555,36.87445127305136,0,S9
24,79.1665833570588,6.403716737589955,93.54120267263403,63.444108761328174,0,S9
25,89.08482133461268,11.47934472624867,112.90322580647148,40.42348411935044,0,S9
26,87.71207577060328,14.468911672343745,118.30985915490078,32.307692307695696,0,S9
27,92.03108541739051,14.764686885188494,120,56.83355886334554,0,S9
28,88.40043104188747,12.511130252589233,117.64705882353151,68.07131280390404,0,S9
29,82.1046466036303,9.17397976617463,101.44927536234425,66.87898089170308,0,S9
30,94.49443949635234,14.038921835408384,115.70247933888298,42.46713852377657,0,S9
31,89.4809242281481,9.070797395430514,112.60053619301522,47.19101123595819,0,S9
32,84.77239832725594,5.862922165988194,98.82352941175942,74.86631016043825,2,S9
33,78.75514794026883,7.818960028864689,94.17040358744318,36.71328671328362,2,S9
34,81.72074028212226,8.370837978906351,101.94174757281823,66.45569620253471,2,S9
35,84.06373614279082,12.010851657029988,103.96039603959319,39.84819734344849,2,S9
36,75.35129026152858,12.773407557819977,94.59459459464188,33.096926713943105,2,S9
37,78.32531721802926,10.054259469112294,95.02262443441691,36.363636363634356,2,S9
38,76.59813533487922,6.971715791377299,91.10629067249361,62.78026905829545,2,S9
39,76.19740988581168,8.53351723906677,93.75000000001866,33.707865168535534,2,S9
40,76.01969606899057,10.73380936205879,103.70370370374562,38.04347826086812,2,S9
41,80.61215798227016,12.422337019511597,105.52763819095429,60.60606060607397,2,S9
42,84.52817035963223,13.45473309205962,110.81794195257415,44.63336875663609,0,S9
43,74.2973415481712,5.292489841440918,83.00395256920815,60.957910014510894,0,S9
44,73.07724154640583,10.218380522122398,91.90371991247851,35.53299492386011,0,S9
45,84.2857402681809,11.393056346879083,105.5276381908699,66.66666666669362,0,S9
46,83.62949888650385,6.3956370681217365,99.05660377356875,71.9178082191819,0,S9
47,83.6312931939619,5.520465772589617,96.33027522939517,70.82630691399315,6,S9
48,76.3522262730711,6.873657818796889,88.0503144654679,64.61538461540722,0,S9
49,79.64600948334977,9.151765077958668,99.76247030885239,65.21739130434267,0,S9
50,75.3729140721292,5.354232422951908,90.32258064517718,66.87898089170308,0,S9
51,76.76595442172948,5.770317504697052,90.51724137928622,63.253012048215645,0,S9
52,73.30258884565117,8.376182066067924,86.06557377049789,33.12302839116524,0,S9
53,78.63178431022862,5.262628405562206,90.12875536480088,64.22018348624782,0,S9
54,73.55702759477792,6.378944742861442,93.74999999995204,65.72769953053646,0,S9
55,71.86620745336107,3.94362515991363,81.71206225680413,61.22448979591723,0,S9
56,74.00560770654415,4.927834296010145,88.42105263156202,63.44410876131292,0,S9
57,86.8902659153563,13.95616135895545,110.81794195248106,69.88352745424568,0,S9
58,77.68495807775196,6.724055051836674,92.51101321586904,59.49008498585915,0,S9
59,70.67722686154418,6.878485080285251,86.24229979468728,58.659217877103615,4,S9
60,69.75789361533343,5.870376241712836,84.67741935485361,60.78147612156823,4,S9
61,72.42627665227612,6.62440111878321,89.17197452236118,61.04651162791408,4,S9
62,73.30264347398384,7.640215178118855,96.77419354833316,63.82978723403885,4,S9
63,73.48162119139832,3.118811544208635,84.5070422535168,68.07131280386892,4,S9
64,71.07753270827286,5.192611464702265,87.49999999999669,62.03840472668159,4,S9
65,83.7147590081682,9.693365113196014,98.36065573768438,64.22018348621656,4,S9
66,91.11547619734326,12.134448809260718,115.38461538461942,53.09734513273823,0,S9
67,88.92542774722455,9.684190213183177,113.20754716976859,72.6643598615606,0,S9
68,83.02461706473936,6.247191352460302,103.9603960396751,73.94366197182127,3,S9
69,84.46871913153517,6.231181815511351,99.05660377356875,69.99999999997878,3,S9
70,85.529136950682485,3.4795980125655137,93.1263858093269,78.79924953101171,3,S9
71,87.46595698005399,5.932226639905495,97.67441860462637,45.20990312161864,3,S9
72,87.65894532414423,5.228008432477397,101.44927536226625,80.45977011499468,3,S9
73,88.35851736593122,6.529924417264929,101.20481927718384,68.96551724138796,3,S9
74,91.30064581108275,13.718413725575118,116.02209944748816,65.62499999997576,0,S9
75,75.24271653625219,6.7054779047427315,91.90371991247851,61.31386861311915,7,S9
76,71.54761268958472,8.204153063794314,86.4197530864094,55.5555555555593,0,S9
77,77.43789019695974,10.16471149883048,98.36065573761105,45.16129032258859,0,S9
78,74.7444858302847,10.484111865704373,97.44779582375966,48.16513761466242,0,S9
79,73.41007263799605,7.199044894579424,89.17197452236118,61.7647058823265,4,S9
80,72.41181866524069,4.903869262642835,83.6653386453201,63.44410876131292,4,S9
81,73.97317686329234,4.959560379118383,83.99999999993888,64.22018348624782,4,S9
82,74.13598493326018,4.955656758712817,85.53971486761964,64.71494607088044,4,S9
83,71.40993403335905,4.443780286170507,80,64.91499227198567,4,S9
84,77.42324084030436,13.643405368239259,109.37499999999585,40.816326530605174,4,S9
85,71.55136506377195,11.617496039481324,108.80829015537273,34.91271820448688,0,S9
86,80.41340905088639,11.486224219520727,103.19410319408752,50.724637681133125,0,S9
